,,,,precision,precision,recall,recall,fpr,fpr,event_recall,event_recall,missed_events,missed_events,mean_detection_delay,mean_detection_delay,false_alarms_per_1000,false_alarms_per_1000,mae,mae,rmse,rmse,nrmse_mean,nrmse_mean,transmitted_values,transmitted_values,transmitted_payload_bytes,transmitted_payload_bytes,realized_bandwidth,realized_bandwidth,max_window_excess_values,max_window_excess_values,f1,f1,specificity,specificity,n_events,n_events
,,,,mean,std,mean,std,mean,std,mean,std,mean,std,mean,std,mean,std,mean,std,mean,std,mean,std,mean,std,mean,std,mean,std,mean,std,mean,std,mean,std,mean,std
dataset,method,protocol,budget,,,,,,,,,,,,,,,,,,,,,,,,,,,,,,,,,,
psm,Full Data,fixed_full_data,1.0,0.9634790479998581,0.02576191626139068,0.01839137032935476,0.003543942454139247,0.0002836432398360532,0.00022089262163370755,0.21388888888888885,0.0158357697930436,56.6,1.1401754250991383,629.1848389355742,95.825862735314,0.15482519552373034,0.0964639298929423,0.0,0.0,0.0,0.0,0.0,0.0,2196025.0,0.0,8784100.0,0.0,1.0,0.0,0.0,0.0,0.0360716429549734,0.0067925598886036465,0.9997163567601639,0.00022089262163373956,72.0,0.0
psm,Full Data,method_retrained,1.0,0.9634790479998581,0.02576191626139068,0.01839137032935476,0.003543942454139247,0.0002836432398360532,0.00022089262163370755,0.21388888888888885,0.0158357697930436,56.6,1.1401754250991383,629.1848389355742,95.825862735314,0.15482519552373034,0.0964639298929423,0.0,0.0,0.0,0.0,0.0,0.0,2196025.0,0.0,8784100.0,0.0,1.0,0.0,0.0,0.0,0.0360716429549734,0.0067925598886036465,0.9997163567601639,0.00022089262163373956,72.0,0.0
psm,PCA-Triage,fixed_full_data,0.3,0.9729172572874087,0.01957865365138595,0.0175792625405028,0.0038138502414953868,0.00020800504254646783,0.00019440492295355366,0.12222222222222223,0.02060055135304352,63.2,1.4832396974191326,967.3439754689755,270.656525306253,0.05009050443414801,0.02968637608953744,0.10862859661529782,0.0004354310301029266,0.290367404435863,0.009201465379698785,0.01666756255446048,0.00013486256680724274,658807.0,0.0,2635228.0,0.0,0.2999997723158889,0.0,0.0,0.0,0.03450828610835406,0.007310888460804139,0.9997919949574536,0.00019440492295363004,72.0,0.0
psm,PCA-Triage,fixed_full_data,0.5,0.9699857647398511,0.023417536131085243,0.017759730938025457,0.0035538259640180616,0.00022376300031512784,0.00018591719134888955,0.14444444444444443,0.02106354290014317,61.6,1.51657508881031,1053.611452991453,302.4096758804379,0.07968943887250826,0.07109434089318652,0.06876447066034612,0.000316098760372451,0.2224695231104691,0.011218428899437586,0.01342569823532172,7.43409555036218e-05,1098012.0,0.0,4392048.0,0.0,0.4999997723158889,0.0,0.0,0.0,0.03485915281598534,0.006819703835433475,0.9997762369996849,0.00018591719134894446,72.0,0.0
psm,PCA-Triage,fixed_full_data,0.7,0.9692418062651867,0.024170344638528907,0.01798121488043962,0.0034069576621929437,0.00022691459186887172,0.00018564987677305517,0.18055555555555552,0.025983731852596774,59.0,1.8708286933869707,758.7419913419914,54.96008598193982,0.11156521442151154,0.06509934292868157,0.033358004279840335,0.00013061914461180417,0.14453694695854835,0.010124344369410404,0.00989645327177296,7.896790933250853e-05,1537217.0,0.0,6148868.0,0.0,0.699999772315889,0.0,0.0,0.0,0.035288388288944664,0.006542196969387187,0.9997730854081311,0.00018564987677308328,72.0,0.0
psm,PCA-Triage,method_retrained,0.3,0.9917759364137687,0.01084111468802758,0.015323407571469522,0.0007998557076879332,5.0425464859747815e-05,6.814291935214525e-05,0.09444444444444441,0.024845199749997684,65.2,1.788854381999831,826.4029365079365,131.66276170919846,0.0227684111064309,0.026698328569935596,0.10862859661529782,0.0004354310301029266,0.290367404435863,0.009201465379698785,0.01666756255446048,0.00013486256680724274,658807.0,0.0,2635228.0,0.0,0.2999997723158889,0.0,0.0,0.0,0.03017932410110118,0.0015497958986545235,0.9999495745351403,6.814291935217806e-05,72.0,0.0
psm,PCA-Triage,method_retrained,0.5,0.9756244643051577,0.03074117007590025,0.01572535991140638,0.0006264780438906334,0.0001512763945792371,0.00018962003096738853,0.1388888888888889,0.025983731852596798,62.0,1.87082869338697,906.806794871795,359.6204670579877,0.04553682221286184,0.046242861560296195,0.06876447066034612,0.000316098760372451,0.2224695231104691,0.011218428899437586,0.01342569823532172,7.43409555036218e-05,1098012.0,0.0,4392048.0,0.0,0.4999997723158889,0.0,0.0,0.0,0.03095154572186708,0.0012246538866763485,0.9998487236054208,0.00018962003096746133,72.0,0.0
psm,PCA-Triage,method_retrained,0.7,0.9801692041397306,0.015893259283731358,0.01606989048849508,0.0006884016601796317,0.00012291207059563029,9.48100154837066e-05,0.1666666666666666,0.01701034543599428,60.0,1.2247448713915896,742.201794871795,405.5061755553715,0.07285891554057897,0.039925952383853054,0.033358004279840335,0.00013061914461180417,0.14453694695854835,0.010124344369410404,0.00989645327177296,7.896790933250853e-05,1537217.0,0.0,6148868.0,0.0,0.699999772315889,0.0,0.0,0.0,0.031621028606560034,0.0013406754137351624,0.9998770879294044,9.481001548362688e-05,72.0,0.0
psm,Threshold,fixed_full_data,0.3,0.9796464612156882,0.015120665878377307,0.01782535580985186,0.004197295280712536,0.00014182161991801317,9.840841472417184e-05,0.11666666666666665,0.025230419617479117,63.6,1.8165902124584954,1311.0941919191919,265.48055928301267,0.05009050443414801,0.044529564134306164,0.1008152269801796,0.0005840390553898361,0.281053600249416,0.00882382443707108,0.0187778843237677,0.0003519634987487998,658807.0,0.0,2635228.0,0.0,0.2999997723158889,0.0,0.0,0.0,0.03498667553057166,0.008061767261850606,0.999858178380082,9.840841472419629e-05,72.0,0.0
psm,Threshold,fixed_full_data,0.5,0.9721929555325547,0.01801830495933971,0.017554653213567882,0.003445549902385888,0.00019855026788524245,0.00013398897995257157,0.1361111111111111,0.05046083923495819,62.2,3.63318042491699,852.211717171717,339.1402738622647,0.0956273266470099,0.0671571644391691,0.06232303637745692,0.0004962401007959461,0.22759091776580553,0.013574129674537276,0.01558342198973774,0.00034163715157476906,1098012.0,0.0,4392048.0,0.0,0.4999997723158889,0.0,0.0,0.0,0.03446728461059112,0.0066242770534331525,0.9998014497321147,0.00013398897995260396,72.0,0.0
psm,Threshold,fixed_full_data,0.7,0.9672787180626747,0.026703815150602637,0.0181288708420491,0.003374011618568343,0.00025212732429872925,0.00022145397608817134,0.1916666666666666,0.02060055135304353,58.2,1.4832396974191324,719.2050366300366,119.05802827590203,0.12067257886408392,0.07993301388436815,0.02131524720977946,8.217046335210311e-05,0.1307727867765058,0.013963033248915983,0.00757718479749864,0.00012042053658556045,1537217.0,0.0,6148868.0,0.0,0.699999772315889,0.0,0.0,0.0,0.03557035840776818,0.0064705553525956005,0.9997478726757013,0.00022145397608819623,72.0,0.0
psm,Threshold,method_retrained,0.3,0.9744103089023113,0.024356989584067092,0.01698863869406498,0.0020090082116946593,0.00018279231011659463,0.00018397036082818408,0.10277777777777777,0.027074428735580476,64.6,1.949358868961794,813.9583333333333,274.5431226247628,0.04553682221286184,0.036889042123882124,0.1008152269801796,0.0005840390553898361,0.281053600249416,0.00882382443707108,0.0187778843237677,0.0003519634987487998,658807.0,0.0,2635228.0,0.0,0.2999997723158889,0.0,0.0,0.0,0.03338708350026084,0.0038697553752282537,0.9998172076898835,0.00018397036082821433,72.0,0.0
psm,Threshold,method_retrained,0.5,0.9803193928437883,0.012259814115683462,0.0160780935974734,0.0010257986957384945,0.00012606366214936,7.878978884335e-05,0.125,0.027777777777777794,63.0,2.0,985.4113636363636,323.2440521286823,0.06375155109800658,0.041517247137009945,0.06232303637745692,0.0004962401007959461,0.22759091776580553,0.013574129674537276,0.01558342198973774,0.00034163715157476906,1098012.0,0.0,4392048.0,0.0,0.4999997723158889,0.0,0.0,0.0,0.03163541115031848,0.0019822068660756685,0.9998739363378506,7.878978884338153e-05,72.0,0.0
psm,Threshold,method_retrained,0.7,0.9802099310561398,0.022233205937466704,0.018153480168984,0.004922941927301361,0.00017648912700912245,0.00025148634248224096,0.18055555555555552,0.040492721491981264,59.0,2.9154759474226504,503.92891265597143,136.59778361554936,0.10928837331086846,0.14724843892492137,0.02131524720977946,8.217046335210311e-05,0.1307727867765058,0.013963033248915983,0.00757718479749864,0.00012042053658556045,1537217.0,0.0,6148868.0,0.0,0.699999772315889,0.0,0.0,0.0,0.03560247783620646,0.009403271168827854,0.9998235108729908,0.0002514863424822502,72.0,0.0
psm,Uniform,fixed_full_data,0.3,0.9704499716973818,0.02649617345187421,0.017940199335548117,0.003958435715399453,0.00022691459186886782,0.00021246963492823744,0.1222222222222222,0.030110393595387242,63.2,2.1679483388678804,958.2193073593073,280.03367755534214,0.054644186655434204,0.040569960909382786,0.1045477344840384,0.00022789048789065405,0.2970633317093939,0.01193898490299178,0.015202760337666899,0.00012593318816804,658807.0,0.0,2635228.0,0.0,0.2999997723158889,0.0,0.0,0.0,0.03520210990291392,0.007589432808721767,0.9997730854081311,0.00021246963492825693,72.0,0.0
psm,Uniform,fixed_full_data,0.5,0.9712668032894898,0.028072737659584273,0.01806324597022268,0.0037870698962260713,0.0002237630003151439,0.00022490310262443953,0.14999999999999997,0.022821773229381906,61.2,1.643167672515499,789.0257575757576,199.57864214596322,0.061474709987363506,0.06056140562275197,0.06868499904750683,0.00021135938958640168,0.23692099177801737,0.01849740700208964,0.01180978945082688,0.00011857763067555666,1098012.0,0.0,4392048.0,0.0,0.4999997723158889,0.0,0.0,0.0,0.035441685415839044,0.00725983632492,0.9997762369996849,0.000224903102624463,72.0,0.0
psm,Uniform,fixed_full_data,0.7,0.973753297492074,0.025774829058145637,0.01807144907920098,0.0033816813081446336,0.0001953986763315278,0.00019669062435083128,0.1694444444444444,0.015214515486254599,59.8,1.0954451150103326,762.3389610389611,170.35722040676467,0.0933504855363668,0.07172952949999825,0.03916981667325474,7.88129972344014e-05,0.1757062490699297,0.013378961355178558,0.008648985727241461,7.257249966729438e-05,1537217.0,0.0,6148868.0,0.0,0.699999772315889,0.0,0.0,0.0,0.03546562351080828,0.006493895228231478,0.9998046013236686,0.00019669062435087717,72.0,0.0
psm,Uniform,method_retrained,0.3,0.9735723391100709,0.029608121912265795,0.01566793814855826,0.0004202842691423577,0.00017018594390166782,0.00019247943882259343,0.10277777777777777,0.02106354290014321,64.6,1.5165750888103116,683.6837301587301,137.85919311786972,0.034152616659646376,0.03219939578040085,0.1045477344840384,0.00022789048789065405,0.2970633317093939,0.01193898490299178,0.015202760337666899,0.00012593318816804,658807.0,0.0,2635228.0,0.0,0.2999997723158889,0.0,0.0,0.0,0.030838593845973438,0.0008058859469109894,0.9998298140560984,0.00019247943882263015,72.0,0.0
psm,Uniform,method_retrained,0.5,0.9737250329796717,0.022116730292493347,0.01698043558508668,0.001950503713863202,0.00018594390167033027,0.0001676575616548294,0.1472222222222222,0.031974623425614815,61.4,2.3021728866442674,678.5988578088578,402.4859923514818,0.06830523331929275,0.05459673185998246,0.06868499904750683,0.00021135938958640168,0.23692099177801737,0.01849740700208964,0.01180978945082688,0.00011857763067555666,1098012.0,0.0,4392048.0,0.0,0.4999997723158889,0.0,0.0,0.0,0.0333713760867511,0.0037555600162044785,0.9998140560983296,0.00016765756165491082,72.0,0.0
psm,Uniform,method_retrained,0.7,0.9872946629927011,0.012690366743956844,0.01631598375784416,0.001178581521878235,8.509297195081564e-05,9.093311091236724e-05,0.14999999999999997,0.033159267739759204,61.2,2.3874672772626644,676.2099206349206,295.40181992384066,0.04781366332350494,0.04652227716374482,0.03916981667325474,7.88129972344014e-05,0.1757062490699297,0.013378961355178558,0.008648985727241461,7.257249966729438e-05,1537217.0,0.0,6148868.0,0.0,0.699999772315889,0.0,0.0,0.0,0.03209865806096892,0.0022749637024520003,0.9999149070280492,9.093311091237926e-05,72.0,0.0
psm,Variance,fixed_full_data,0.3,0.9820817256164801,0.012988570612049423,0.018038636643287743,0.004222450246748399,0.00013867002836430635,0.00011865648028372629,0.14999999999999997,0.031671539586087136,61.2,2.280350850198275,996.7982905982906,258.6413845976241,0.03870629888093256,0.023606791080848046,0.08731720951617614,0.00041816100284860683,0.255419140531935,0.02728091033291941,0.016980740890421682,0.000303221746104147,658807.0,0.0,2635228.0,0.0,0.2999997723158889,0.0,0.0,0.0,0.03539696767580512,0.008096522842868503,0.9998613299716357,0.00011865648028368356,72.0,0.0
psm,Variance,fixed_full_data,0.5,0.9741943855080631,0.018403447574752218,0.01780894959189526,0.0038625887183821755,0.00019224708477777707,0.0001517189398286746,0.16388888888888886,0.02060055135304348,60.2,1.4832396974191324,914.7829437229436,154.67962618785072,0.08879680331508062,0.05771242064929395,0.04477290246957866,0.00020760641856830072,0.19266412342571995,0.01114583615895123,0.01278305076265302,0.00020477697644150832,1098012.0,0.0,4392048.0,0.0,0.4999997723158889,0.0,0.0,0.0,0.03495352753897474,0.007412036811498322,0.9998077529152223,0.00015171893982870326,72.0,0.0
psm,Variance,fixed_full_data,0.7,0.9693978562310246,0.02352115044375175,0.017874574463721697,0.003737864321829371,0.00023006618342259175,0.00019059964846147103,0.1833333333333333,0.020600551353043485,58.8,1.4832396974191324,723.1099633699635,142.20953735180146,0.11611889664279776,0.07944511707456837,0.01471080531356568,0.00020385834721052323,0.16070710305460487,0.03370184249248226,0.00832689000909454,0.00020677654263769586,1537217.0,0.0,6148868.0,0.0,0.699999772315889,0.0,0.0,0.0,0.03507803907212044,0.0071696641002364295,0.9997699338165773,0.0001905996484614998,72.0,0.0
psm,Variance,method_retrained,0.3,0.9851390534511699,0.011564626359638976,0.01611090603338658,0.0010999509645616876,9.454774661201709e-05,7.638953446918339e-05,0.1222222222222222,0.022821773229381934,63.2,1.643167672515498,678.38,299.92625937470035,0.025045252217073977,0.018706158542315082,0.08731720951617614,0.00041816100284860683,0.255419140531935,0.02728091033291941,0.016980740890421682,0.000303221746104147,658807.0,0.0,2635228.0,0.0,0.2999997723158889,0.0,0.0,0.0,0.031701322631906136,0.00212739901961423,0.999905452253388,7.638953446929242e-05,72.0,0.0
psm,Variance,method_retrained,0.5,0.9872977945145417,0.013582865035091134,0.01628317132193094,0.0005228476594061489,8.1941380397081e-05,9.011016990538391e-05,0.15277777777777776,0.021960261528947044,61.0,1.5811388300841898,952.0485936285935,214.1551262529337,0.036429457770289476,0.024680369518423957,0.04477290246957866,0.00020760641856830072,0.19266412342571995,0.01114583615895123,0.01278305076265302,0.00020477697644150832,1098012.0,0.0,4392048.0,0.0,0.4999997723158889,0.0,0.0,0.0,0.03203737446102856,0.0010110844414528489,0.9999180586196029,9.011016990535787e-05,72.0,0.0
psm,Variance,method_retrained,0.7,0.9392047567136828,0.05366890042613548,0.01609449981543002,0.0011413086666995944,0.00041916167664667856,0.00037861752393881647,0.1833333333333333,0.01162027814630661,58.8,0.8366600265340751,692.5454212454213,110.20865552465787,0.09790416775765298,0.0636905350836141,0.01471080531356568,0.00020385834721052323,0.16070710305460487,0.03370184249248226,0.00832689000909454,0.00020677654263769586,1537217.0,0.0,6148868.0,0.0,0.699999772315889,0.0,0.0,0.0,0.0316429506636517,0.0022035248053554283,0.9995808383233532,0.00037861752393882845,72.0,0.0
smd,Full Data,fixed_full_data,1.0,0.33034462813019977,0.009514905451460299,0.537268002969562,0.010919072773043475,0.11384913709521038,0.0037524295186146706,0.875,0.125,1.0,1.0,4.966666666666667,0.7085783889827105,8.96801151725833,0.5516299557331497,0.0,0.0,0.0,0.0,0.0,0.0,1082202.0,0.0,4328808.0,0.0,1.0,0.0,0.0,0.0,0.4090946974742324,0.009651993490592299,0.8861508629047895,0.0037524295186146836,8.0,0.0
smd,Full Data,method_retrained,1.0,0.33034462813019977,0.009514905451460299,0.537268002969562,0.010919072773043475,0.11384913709521038,0.0037524295186146706,0.875,0.125,1.0,1.0,4.966666666666667,0.7085783889827105,8.96801151725833,0.5516299557331497,0.0,0.0,0.0,0.0,0.0,0.0,1082202.0,0.0,4328808.0,0.0,1.0,0.0,0.0,0.0,0.4090946974742324,0.009651993490592299,0.8861508629047895,0.0037524295186146836,8.0,0.0
smd,PCA-Triage,fixed_full_data,0.3,0.32000020954431274,0.015695466115499955,0.5141796585003713,0.01915058128940118,0.11429125460539069,0.005703692509662707,0.625,0.0,3.0,0.0,42.0,9.444575162494075,4.859721198075775,0.3185482195313526,0.2576758576155899,0.02726429460198466,14.901725737651617,7.847054914869922,0.016163255939972598,0.0002176015897511365,324660.0,0.0,1298640.0,0.0,0.2999994455748557,0.0,0.0,0.0,0.39441007821312246,0.016484751085605275,0.8857087453946093,0.005703692509662717,8.0,0.0
smd,PCA-Triage,fixed_full_data,0.5,0.32476196746730107,0.011438770603496629,0.5244988864142539,0.014557291426226845,0.11399650959860379,0.0038270425383758124,0.65,0.055901699437494734,2.8,0.447213595499958,27.606666666666666,18.406979352650147,6.0957196530777065,0.4276080179323962,0.15438637958775353,0.009776414546610313,9.024270428626467,2.229964907016769,0.01232072441336312,0.00011299430778421537,541101.0,0.0,2164404.0,0.0,0.5,0.0,0.0,0.0,0.4011096768307679,0.012392180655988074,0.8860034904013961,0.0038270425383758544,8.0,0.0
smd,PCA-Triage,fixed_full_data,0.7,0.3281957135143463,0.010042083082037983,0.531328878990349,0.011394545427426744,0.11370176459181691,0.004062649969112299,0.775,0.13693063937629152,1.8,1.0954451150103321,9.45,6.325543454913578,7.605604129358474,0.7309196017590072,0.038959297547393704,0.0015429069377629835,1.9019341392708398,0.4554564451700983,0.006286608174992441,0.00018914610215478055,757541.0,0.0,3030164.0,0.0,0.6999996303832371,0.0,0.0,0.0,0.40571539129166034,0.010068645444401891,0.8862982354081831,0.004062649969112312,8.0,0.0
smd,PCA-Triage,method_retrained,0.3,0.31829671019151873,0.009233753758452538,0.5260579064587974,0.05044528407203134,0.1175644754702346,0.008576777584928903,0.675,0.11180339887498948,2.6,0.8944271909999159,37.114285714285714,22.25385084768523,5.140629937848941,0.41293943047064946,0.2576758576155899,0.02726429460198466,14.901725737651617,7.847054914869922,0.016163255939972598,0.0002176015897511365,324660.0,0.0,1298640.0,0.0,0.2999994455748557,0.0,0.0,0.0,0.3961593888942953,0.019815692292572375,0.8824355245297653,0.008576777584928929,8.0,0.0
smd,PCA-Triage,method_retrained,0.5,0.31692554046723925,0.013474809850377311,0.5069042316258352,0.023171623690322888,0.11415163854954428,0.0031237882784165985,0.7,0.16770509831248423,2.4,1.3416407864998738,26.07,17.873150253942363,6.158924119526668,0.5431835557527228,0.15438637958775353,0.009776414546610313,9.024270428626467,2.229964907016769,0.01232072441336312,0.00011299430778421537,541101.0,0.0,2164404.0,0.0,0.5,0.0,0.0,0.0,0.3899846789213663,0.016677344928523935,0.8858483614504558,0.003123788278416612,8.0,0.0
smd,PCA-Triage,method_retrained,0.7,0.3176797945760026,0.01938739169576331,0.5248700816629548,0.033539293238534613,0.11787473337211554,0.00663514106318268,0.75,0.15309310892394862,2.0,1.224744871391589,18.59,12.642463719105105,7.991853646546578,0.8315325743525087,0.038959297547393704,0.0015429069377629835,1.9019341392708398,0.4554564451700983,0.006286608174992441,0.00018914610215478055,757541.0,0.0,3030164.0,0.0,0.6999996303832371,0.0,0.0,0.0,0.3956628803170158,0.023097348333713075,0.8821252666278845,0.006635141063182681,8.0,0.0
smd,Threshold,fixed_full_data,0.3,0.3123471450522479,0.011071138587656622,0.5173719376391982,0.013239759744179113,0.1191235214271863,0.00550957618795252,0.75,0.08838834764831845,2.0,0.7071067811865476,29.1,17.77232555282385,4.908880227536079,0.247544601032544,0.41280950631914487,0.028427514613564898,71.45941259541416,11.325479247637642,0.019089011470707382,0.00031789523943919574,324660.0,0.0,1298640.0,0.0,0.2999994455748557,0.0,0.0,0.0,0.3894453029692937,0.010672672373644438,0.8808764785728137,0.005509576187952545,8.0,0.0
smd,Threshold,fixed_full_data,0.5,0.3168824664006519,0.013084342445157703,0.5296213808463252,0.012752056074180508,0.11940275353887916,0.004895971438700117,0.825,0.11180339887498948,1.4,0.8944271909999159,11.691666666666666,6.489815739551727,7.816285684188349,0.390692961008494,0.10926987945211367,0.020745293721758016,13.987361366416502,17.107377425683794,0.012908983056564979,0.0005621463039611847,541101.0,0.0,2164404.0,0.0,0.5,0.0,0.0,0.0,0.39647834931711556,0.013454486516566819,0.8805972464611209,0.004895971438700135,8.0,0.0
smd,Threshold,fixed_full_data,0.7,0.32822050450227785,0.011455351197950202,0.5353377876763178,0.011250951869018068,0.11457824316463058,0.004778610671747348,0.825,0.11180339887498948,1.4,0.8944271909999159,5.717857142857143,1.2617334789416053,8.72221636995681,0.6724963443870426,0.0205547552730602,0.00024231433988269467,0.5615857024442891,0.05519867213471298,0.00387146844415096,9.7543567726522e-05,757541.0,0.0,3030164.0,0.0,0.6999996303832371,0.0,0.0,0.0,0.40688544798252957,0.011122309815108821,0.8854217568353693,0.004778610671747338,8.0,0.0
smd,Threshold,method_retrained,0.3,0.32106369598720486,0.01514536343768002,0.52271714922049,0.023282554361137953,0.11554004266046147,0.004276205576980635,0.775,0.10458250331675945,1.8,0.8366600265340756,26.101904761904763,13.55149312756327,4.796516731626813,0.43828740550243855,0.41280950631914487,0.028427514613564898,71.45941259541416,11.325479247637642,0.019089011470707382,0.00031789523943919574,324660.0,0.0,1298640.0,0.0,0.2999994455748557,0.0,0.0,0.0,0.3977558217966388,0.01784881226896337,0.8844599573395385,0.0042762055769806455,8.0,0.0
smd,Threshold,method_retrained,0.5,0.31981629785937393,0.013593122160564713,0.5089829250185598,0.016868771941710145,0.11329067287182466,0.007220238258306502,0.725,0.16298006013006622,2.2,1.3038404810405297,28.3,17.447635943015317,6.341514800379227,1.0361782563108553,0.10926987945211367,0.020745293721758016,13.987361366416502,17.107377425683794,0.012908983056564979,0.0005621463039611847,541101.0,0.0,2164404.0,0.0,0.5,0.0,0.0,0.0,0.39265244799271637,0.01271377347760258,0.8867093271281753,0.00722023825830649,8.0,0.0
smd,Threshold,method_retrained,0.7,0.328249897943558,0.010016297682850983,0.5439495174461767,0.010003694735623923,0.11636998254799295,0.0038052668426201736,0.95,0.1118033988749895,0.4,0.894427190999916,4.358333333333333,0.8284230333725773,8.553671126092912,0.6928152940574379,0.0205547552730602,0.00024231433988269467,0.5615857024442891,0.05519867213471298,0.00387146844415096,9.7543567726522e-05,757541.0,0.0,3030164.0,0.0,0.6999996303832371,0.0,0.0,0.0,0.40940025810561326,0.010248970180456073,0.8836300174520069,0.003805266842620197,8.0,0.0
smd,Uniform,fixed_full_data,0.3,0.3197221078616861,0.014862584182123502,0.5164068299925761,0.01593418028186609,0.11491952685669955,0.005062708833869479,0.675,0.1118033988749895,2.6,0.8944271909999159,24.40571428571429,9.290556978975578,4.24172197057481,0.43033852873636086,0.7000376586245687,0.014377273259628355,116.54467492544765,11.909866200888008,0.0157151025765156,0.00027152803337713834,324660.0,0.0,1298640.0,0.0,0.2999994455748557,0.0,0.0,0.0,0.3948843328497285,0.015535082901331543,0.8850804731433003,0.0050627088338694864,8.0,0.0
smd,Uniform,fixed_full_data,0.5,0.3239696291310873,0.01097378843571531,0.5233110616184113,0.010717840985153054,0.11419817723482642,0.004967579272315794,0.775,0.05590169943749474,1.8,0.4472135954999579,9.566666666666666,3.3115957885386114,5.639242950946311,0.30368690347890953,0.42112843777530273,0.08396985105077523,83.8627779114964,19.80454576180342,0.01187647501348188,0.00024124313253298782,541101.0,0.0,2164404.0,0.0,0.5,0.0,0.0,0.0,0.4001244852426373,0.010263269090815215,0.8858018227651735,0.00496757927231574,8.0,0.0
smd,Uniform,fixed_full_data,0.7,0.3271939945778708,0.008946138303669839,0.529547141796585,0.009244923018705711,0.11384913709521036,0.004450555383221581,0.875,0.08838834764831845,1.0,0.7071067811865476,5.632142857142858,1.849555241628845,6.854173250465254,0.579852899800817,0.21888420083568966,0.04265326510816921,55.38756943843507,21.25326442725592,0.00870224800489912,0.00015864661776981114,757541.0,0.0,3030164.0,0.0,0.6999996303832371,0.0,0.0,0.0,0.4044147591957935,0.00801047954943676,0.8861508629047895,0.004450555383221599,8.0,0.0
smd,Uniform,method_retrained,0.3,0.31893323263581685,0.011777015412210125,0.5324424647364514,0.03189969123288781,0.11868916036455299,0.0019903262044465835,0.725,0.16298006013006622,2.2,1.3038404810405297,22.171666666666663,15.01078269852116,4.009972260261947,0.3660918296001508,0.7000376586245687,0.014377273259628355,116.54467492544765,11.909866200888008,0.0157151025765156,0.00027152803337713834,324660.0,0.0,1298640.0,0.0,0.2999994455748557,0.0,0.0,0.0,0.3988643118500843,0.01797176700507077,0.8813108396354469,0.0019903262044465896,8.0,0.0
smd,Uniform,method_retrained,0.5,0.31861540736242977,0.008112158336009652,0.5179658500371195,0.008620205490386675,0.1157804925344192,0.0032665374311926813,0.85,0.13693063937629152,1.2,1.0954451150103321,10.901428571428571,7.975479641388602,5.337266055690158,0.2342368774206666,0.42112843777530273,0.08396985105077523,83.8627779114964,19.80454576180342,0.01187647501348188,0.00024124313253298782,541101.0,0.0,2164404.0,0.0,0.5,0.0,0.0,0.0,0.39451446523549266,0.00818431874711628,0.8842195074655808,0.003266537431192706,8.0,0.0
smd,Uniform,method_retrained,0.7,0.3195419793451701,0.009809519290879564,0.5167780252412769,0.02204537300948917,0.11498933488462278,0.004229309270296445,0.925,0.06846531968814577,0.6,0.5477225575051661,5.685714285714285,2.465146071343689,7.050809368306472,0.6443128940882413,0.21888420083568966,0.04265326510816921,55.38756943843507,21.25326442725592,0.00870224800489912,0.00015864661776981114,757541.0,0.0,3030164.0,0.0,0.6999996303832371,0.0,0.0,0.0,0.39482280762974026,0.012667044900583757,0.8850106651153771,0.0042293092702964255,8.0,0.0
smd,Variance,fixed_full_data,0.3,0.3250994354607819,0.014483806706111277,0.5247958426132145,0.009526782283009582,0.11399650959860382,0.005748058835479586,0.65,0.055901699437494734,2.8,0.447213595499958,25.573333333333334,8.876761171107901,5.955265283191123,0.5599489627494131,0.1410890883246206,0.0023179673483185977,2.37476616989443,0.4154372402600852,0.01278573031997364,0.0002952393215134919,324660.0,0.0,1298640.0,0.0,0.2999994455748557,0.0,0.0,0.0,0.40141830199861406,0.013511589173646301,0.8860034904013961,0.005748058835479598,8.0,0.0
smd,Variance,fixed_full_data,0.5,0.3283832241837787,0.011881735531075863,0.5324424647364514,0.010592406179780786,0.11388016288539846,0.004758424111066443,0.9,0.05590169943749474,0.8,0.4472135954999579,10.45,9.932026634137895,7.48621791495488,0.33070219257617445,0.058011186282531615,0.0013857887747113595,1.257616374725818,0.24589767168441354,0.0075847041630725,0.00017342121052351737,541101.0,0.0,2164404.0,0.0,0.5,0.0,0.0,0.0,0.4061748346252049,0.011473367528415962,0.8861198371146015,0.004758424111066421,8.0,0.0
smd,Variance,fixed_full_data,0.7,0.33024562496230037,0.011189458245330118,0.5354120267260579,0.011535754610997729,0.11353112274578239,0.00430741309515851,0.875,0.125,1.0,1.0,5.004761904761905,0.8046333371519202,8.80648899188876,0.7124685492765448,0.01497468303549746,0.0003125631130726875,0.8524989756604464,0.06495037799687245,0.00380912564200132,0.00011226003619849911,757541.0,0.0,3030164.0,0.0,0.6999996303832371,0.0,0.0,0.0,0.40847228255629664,0.011188455369838726,0.8864688772542175,0.004307413095158489,8.0,0.0
smd,Variance,method_retrained,0.3,0.3263515200438657,0.013387694491422198,0.540014847809948,0.02590985379450461,0.11688966453364354,0.012072774189369775,0.7,0.06846531968814576,2.4,0.5477225575051662,21.933333333333334,9.998916607979755,5.779697320832894,0.8762934517259212,0.1410890883246206,0.0023179673483185977,2.37476616989443,0.4154372402600852,0.01278573031997364,0.0002952393215134919,324660.0,0.0,1298640.0,0.0,0.2999994455748557,0.0,0.0,0.0,0.40633534355003886,0.0076522588946571594,0.8831103354663565,0.012072774189369792,8.0,0.0
smd,Variance,method_retrained,0.5,0.3293402918182908,0.015919821748764787,0.5345953971789161,0.03312322277077436,0.11384913709521036,0.007783431828263049,0.825,0.14252192813739223,1.4,1.140175425099138,14.522857142857143,15.970270849938899,6.987604901857509,0.4558009405438102,0.058011186282531615,0.0013857887747113595,1.257616374725818,0.24589767168441354,0.0075847041630725,0.00017342121052351737,541101.0,0.0,2164404.0,0.0,0.5,0.0,0.0,0.0,0.40733883642758545,0.018983068078282532,0.8861508629047897,0.00778343182826302,8.0,0.0
smd,Variance,method_retrained,0.7,0.3196418802853675,0.01393628434409837,0.5292501855976244,0.027392348284913444,0.11783595113438042,0.007452226723393442,0.875,0.1767766952966369,1.0,1.4142135623730951,8.526666666666667,5.246220200190694,8.680080058990836,0.5739756800927713,0.01497468303549746,0.0003125631130726875,0.8524989756604464,0.06495037799687245,0.00380912564200132,0.00011226003619849911,757541.0,0.0,3030164.0,0.0,0.6999996303832371,0.0,0.0,0.0,0.39836433422018425,0.015432654149004622,0.8821640488656195,0.007452226723393417,8.0,0.0
tep,Full Data,fixed_full_data,1.0,0.9433683152045769,0.001585432165331508,0.9724823284823284,0.001593226528532251,0.6382272727272726,0.01931644377208187,1.0,0.0,0.0,0.0,0.35,0.30413812651491096,8.342857142857142,1.1141636074731958,0.0,0.0,0.0,0.0,0.0,0.0,2730000.0,0.0,10920000.0,0.0,1.0,0.0,0.0,0.0,0.9577026965081343,0.0009142005282632515,0.36177272727272725,0.019316443772081835,100.0,0.0
tep,Full Data,method_retrained,1.0,0.9433683152045769,0.001585432165331508,0.9724823284823284,0.001593226528532251,0.6382272727272726,0.01931644377208187,1.0,0.0,0.0,0.0,0.35,0.30413812651491096,8.342857142857142,1.1141636074731958,0.0,0.0,0.0,0.0,0.0,0.0,2730000.0,0.0,10920000.0,0.0,1.0,0.0,0.0,0.0,0.9577026965081343,0.0009142005282632515,0.36177272727272725,0.019316443772081835,100.0,0.0
tep,PCA-Triage,fixed_full_data,0.5,0.9396532199363327,0.0011024602153767277,0.9803866943866943,0.0013710857150011435,0.6883181818181818,0.013916256324264988,1.0,0.0,0.0,0.0,0.242,0.09444575162494076,7.878095238095239,0.37750824051314263,0.10436968404714161,0.0003780080537077695,0.27044694435829975,0.002321088878683255,0.0269204476479745,0.00023073757587743792,1365000.0,0.0,5460000.0,0.0,0.5,0.0,0.0,0.0,0.9595869052598109,0.0006011597040675619,0.3116818181818181,0.013916256324264978,100.0,0.0
tep,PCA-Triage,method_retrained,0.5,0.962607065212276,0.0009601457903375807,0.9041787941787941,0.004506689592093286,0.38399999999999995,0.011709067970050946,1.0,0.0,0.0,0.0,2.9619999999999997,0.8789027249929312,7.222857142857142,0.39114924571869464,0.10436968404714161,0.0003780080537077695,0.27044694435829975,0.002321088878683255,0.0269204476479745,0.00023073757587743792,1365000.0,0.0,5460000.0,0.0,0.5,0.0,0.0,0.0,0.9324723483374644,0.0020802825054416756,0.616,0.011709067970050929,100.0,0.0
tep,Threshold,fixed_full_data,0.5,0.9389434217054783,0.000998850682204358,0.9825280665280666,0.0013491586240268688,0.6984545454545454,0.012352852917711389,1.0,0.0,0.0,0.0,0.242,0.09444575162494076,7.333333333333333,0.14568627181693652,0.13854072325856132,0.0005923256418537394,0.382766118615722,0.0024392423858206887,0.03828809561489808,0.00024733306403033515,1365000.0,0.0,5460000.0,0.0,0.5,0.0,0.0,0.0,0.9602407626750477,0.0007629278172895659,0.3015454545454545,0.012352852917711401,100.0,0.0
tep,Threshold,method_retrained,0.5,0.9647417742400751,0.0019891204746609946,0.8857505197505198,0.0070160175291103955,0.354,0.02270715018273951,1.0,0.0,0.0,0.0,4.587999999999999,0.6961465362982135,5.76,0.3980906812224953,0.13854072325856132,0.0005923256418537394,0.382766118615722,0.0024392423858206887,0.03828809561489808,0.00024733306403033515,1365000.0,0.0,5460000.0,0.0,0.5,0.0,0.0,0.0,0.9235438475419233,0.0032577970917335728,0.646,0.022707150182739545,100.0,0.0
tep,Uniform,fixed_full_data,0.5,0.9402107605363857,0.0012454651625832935,0.9754677754677754,0.0008157268738800414,0.6781363636363636,0.015356809941203559,1.0,0.0,0.0,0.0,0.242,0.09444575162494076,8.559999999999999,0.1485225804923272,0.17531401520076614,0.00015507698797875277,0.4828787620749318,0.0005878760032523584,0.03633979863908308,4.0260464048638854e-05,1365000.0,0.0,5460000.0,0.0,0.5,0.0,0.0,0.0,0.9575141115706638,0.0005290455947127793,0.32186363636363635,0.01535680994120357,100.0,0.0
tep,Uniform,method_retrained,0.5,0.9616086561127923,0.0010203135868846174,0.9141829521829521,0.001677201989514091,0.39899999999999997,0.011126619113304896,1.0,0.0,0.0,0.0,2.0439999999999996,0.43809816251611905,9.672380952380953,0.14840038994881882,0.17531401520076614,0.00015507698797875277,0.4828787620749318,0.0005878760032523584,0.03633979863908308,4.0260464048638854e-05,1365000.0,0.0,5460000.0,0.0,0.5,0.0,0.0,0.0,0.9372953366325356,0.0009499827382398016,0.601,0.011126619113304932,100.0,0.0
tep,Variance,fixed_full_data,0.5,0.9394550115424589,0.0013553984776923668,0.980054054054054,0.0011009488942751566,0.6905,0.017054088722319942,1.0,0.0,0.0,0.0,0.242,0.09444575162494076,7.779047619047619,0.27424602887506205,0.0988245377801159,0.0004102892830418627,0.26138361746623023,0.0021155557294795166,0.025582306615836842,0.0002454132900453151,1365000.0,0.0,5460000.0,0.0,0.5,0.0,0.0,0.0,0.9593240674163426,0.00045709189744664154,0.3095,0.01705408872231992,100.0,0.0
tep,Variance,method_retrained,0.5,0.9616994409944957,0.0008909675902739828,0.9028108108108108,0.004156221031381667,0.39304545454545453,0.008735377392066004,1.0,0.0,0.0,0.0,3.46,0.5542111510967641,7.16952380952381,0.6678357096976711,0.0988245377801159,0.0004102892830418627,0.26138361746623023,0.0021155557294795166,0.025582306615836842,0.0002454132900453151,1365000.0,0.0,5460000.0,0.0,0.5,0.0,0.0,0.0,0.9313218783928836,0.002449717466927055,0.6069545454545455,0.008735377392066009,100.0,0.0
