dataset,method,protocol,budget,seed,requested_budget,weighted_f1,macro_f1,macro_precision,macro_recall,rmse,mae,nrmse_mean,available_values,transmitted_values,transmitted_payload_bytes,payload_bytes_per_value,realized_bandwidth,budget_excess,max_window_budget_excess,max_window_excess_values,n_windows,elapsed_s,binary_precision,binary_recall,binary_f1,binary_fpr,binary_specificity,binary_event_recall,binary_mean_detection_delay,binary_median_detection_delay,binary_false_alarm_events,binary_false_alarms_per_1000,binary_n_events,binary_detected_events,binary_missed_events
tep,PCA-Triage,method_retrained,0.5,42,0.5,0.6717406234194574,0.6800257332832276,0.6954620160391556,0.672520115020115,0.26944252713316547,0.10424486004787624,0.026890143613550736,2730000,1365000,5460000,4,0.5,0.0,0.0,0,1050,15.018974332997459,0.964136668972751,0.8981704781704781,0.9299852543887029,0.36522727272727273,0.6347727272727273,1.0,4.5,2.0,406.0,7.733333333333333,100.0,100.0,0.0
tep,PCA-Triage,fixed_full_data,0.5,42,0.5,0.6693437312406818,0.6798192922300386,0.6893157115042109,0.68745994995995,0.26944252713316547,0.10424486004787624,0.026890143613550736,2730000,1365000,5460000,4,0.5,0.0,0.0,0,1050,15.974715500000457,0.9391967200063689,0.981060291060291,0.9596721711543155,0.6943181818181818,0.30568181818181817,1.0,0.2,0.0,401.0,7.6380952380952385,100.0,100.0,0.0
tep,Variance,method_retrained,0.5,42,0.5,0.6749695703970902,0.6837766110279156,0.6983650820084806,0.676415048915049,0.261299350398903,0.09900211982253308,0.025602459602084342,2730000,1365000,5460000,4,0.5,0.0,0.0,0,1050,11.227974790999724,0.9622016062648779,0.8991683991683992,0.9296177282936947,0.3861363636363636,0.6138636363636364,1.0,4.32,2.0,395.0,7.523809523809524,100.0,100.0,0.0
tep,Variance,fixed_full_data,0.5,42,0.5,0.6698676498513503,0.6807001652206439,0.6887800555642822,0.6894988569988572,0.261299350398903,0.09900211982253308,0.025602459602084342,2730000,1365000,5460000,4,0.5,0.0,0.0,0,1050,11.491372958000284,0.9387198279295785,0.9799376299376299,0.9588859956058263,0.6993181818181818,0.30068181818181816,1.0,0.2,0.0,393.0,7.485714285714286,100.0,100.0,0.0
tep,Threshold,method_retrained,0.5,42,0.5,0.6488804027435852,0.6566411876421379,0.67596756178628,0.6496225846225846,0.37986957997972814,0.13797785153544012,0.03820991507175713,2730000,1365000,5460000,4,0.5,0.0,0.0,0,1050,11.172592417002306,0.9672513017265004,0.8805405405405405,0.9218613964826745,0.3259090909090909,0.6740909090909091,1.0,4.78,2.0,291.0,5.542857142857143,100.0,100.0,0.0
tep,Threshold,fixed_full_data,0.5,42,0.5,0.6502003633327983,0.6599704714551591,0.670121729904359,0.6712432387432388,0.37986957997972814,0.13797785153544012,0.03820991507175713,2730000,1365000,5460000,4,0.5,0.0,0.0,0,1050,11.433186875001411,0.9388659302233172,0.9824324324324324,0.9601552340702211,0.6993181818181818,0.30068181818181816,1.0,0.2,0.0,388.0,7.390476190476191,100.0,100.0,0.0
tep,Uniform,method_retrained,0.5,42,0.5,0.7047807833432301,0.71432148174596,0.7293743020794141,0.7061627786627787,0.4824578914041943,0.17521343845916587,0.03630388541966491,2730000,1365000,5460000,4,0.5,0.0,0.0,0,1050,12.621120957999665,0.9602465196581944,0.9134719334719335,0.9362753976794486,0.4134090909090909,0.586590909090909,1.0,2.28,1.0,501.0,9.542857142857143,100.0,100.0,0.0
tep,Uniform,fixed_full_data,0.5,42,0.5,0.6863595867824005,0.6976436210895847,0.7115986485861517,0.6989196164196165,0.4824578914041943,0.17521343845916587,0.03630388541966491,2730000,1365000,5460000,4,0.5,0.0,0.0,0,1050,12.964637916993524,0.9396563793827629,0.9767151767151767,0.9578274564971406,0.6856818181818182,0.31431818181818183,1.0,0.2,0.0,444.0,8.457142857142857,100.0,100.0,0.0
tep,Full Data,method_retrained,1.0,42,0.5,0.727711364483341,0.7397165436481575,0.7503509420555385,0.7373074448074449,0.0,0.0,0.0,2730000,2730000,10920000,4,1.0,0.0,0.0,0,1050,9.357554791997245,0.9418936289869044,0.9749480249480249,0.9581358287021903,0.6575,0.3425,1.0,0.36,0.0,457.0,8.704761904761904,100.0,100.0,0.0
tep,Full Data,fixed_full_data,1.0,42,0.5,0.727711364483341,0.7397165436481575,0.7503509420555385,0.7373074448074449,0.0,0.0,0.0,2730000,2730000,10920000,4,1.0,0.0,0.0,0,1050,9.618788667001354,0.9418936289869044,0.9749480249480249,0.9581358287021903,0.6575,0.3425,1.0,0.36,0.0,457.0,8.704761904761904,100.0,100.0,0.0
tep,PCA-Triage,method_retrained,0.5,123,0.5,0.6773239713142836,0.6857396956427477,0.7003162978012665,0.6776778176778177,0.27101448758850755,0.10439260120715803,0.026913376686904855,2730000,1365000,5460000,4,0.5,0.0,0.0,0,1050,13.330365250003524,0.9617823177175062,0.9082744282744283,0.9342628630084256,0.39454545454545453,0.6054545454545455,1.0,2.53,1.0,379.0,7.219047619047619,100.0,100.0,0.0
tep,PCA-Triage,fixed_full_data,0.5,123,0.5,0.6733060131626791,0.683652420002421,0.6897774456681847,0.6919056169056169,0.27101448758850755,0.10439260120715803,0.026913376686904855,2730000,1365000,5460000,4,0.5,0.0,0.0,0,1050,13.62855833300273,0.940253771605555,0.9782744282744282,0.9588873605379795,0.6795454545454546,0.32045454545454544,1.0,0.16,0.0,445.0,8.476190476190476,100.0,100.0,0.0
tep,Variance,method_retrained,0.5,123,0.5,0.6755103760094139,0.684326141536242,0.698336674979784,0.6770278595278596,0.2604651874656705,0.09877553556400957,0.025455346068476405,2730000,1365000,5460000,4,0.5,0.0,0.0,0,1050,10.292701334001322,0.9613970588235294,0.9024740124740125,0.9310041607686699,0.3961363636363636,0.6038636363636364,1.0,3.31,1.0,420.0,8.0,100.0,100.0,0.0
tep,Variance,fixed_full_data,0.5,123,0.5,0.6731731151136038,0.683587204708961,0.6897099266586676,0.6926810126810127,0.2604651874656705,0.09877553556400957,0.025455346068476405,2730000,1365000,5460000,4,0.5,0.0,0.0,0,1050,10.55046379200212,0.9399624765478424,0.979085239085239,0.959125068735871,0.6836363636363636,0.31636363636363635,1.0,0.16,0.0,430.0,8.19047619047619,100.0,100.0,0.0
tep,Threshold,method_retrained,0.5,123,0.5,0.6392480677518677,0.6465644211668747,0.6630128618362086,0.6418346518346517,0.38136787929009835,0.13818838393329144,0.037995341028904527,2730000,1365000,5460000,4,0.5,0.0,0.0,0,1050,9.427009250000992,0.966314833730564,0.8850519750519751,0.9238999511692257,0.3372727272727273,0.6627272727272727,1.0,5.31,1.0,289.0,5.504761904761905,100.0,100.0,0.0
tep,Threshold,fixed_full_data,0.5,123,0.5,0.6408963450574112,0.6506173873988833,0.6603883031863337,0.6624066474066473,0.38136787929009835,0.13818838393329144,0.037995341028904527,2730000,1365000,5460000,4,0.5,0.0,0.0,0,1050,9.713676332998148,0.93846949327818,0.981081081081081,0.9593023255813954,0.7031818181818181,0.2968181818181818,1.0,0.16,0.0,381.0,7.257142857142857,100.0,100.0,0.0
tep,Uniform,method_retrained,0.5,123,0.5,0.7058197021788022,0.7147635122935073,0.7302645424372447,0.7065654390654392,0.4821052343693752,0.17515604418780129,0.03629791605069749,2730000,1365000,5460000,4,0.5,0.0,0.0,0,1050,10.41641570799402,0.9630637550751674,0.9123076923076923,0.9369988789836118,0.3825,0.6175,1.0,2.21,1.0,516.0,9.82857142857143,100.0,100.0,0.0
tep,Uniform,fixed_full_data,0.5,123,0.5,0.6862800852434079,0.6972552644901855,0.7115419871480817,0.6981829656829658,0.4821052343693752,0.17515604418780129,0.03629791605069749,2730000,1365000,5460000,4,0.5,0.0,0.0,0,1050,10.690617457999906,0.940663001163864,0.9745738045738046,0.9573181938856781,0.6720454545454545,0.32795454545454544,1.0,0.16,0.0,461.0,8.780952380952382,100.0,100.0,0.0
tep,Full Data,method_retrained,1.0,123,0.5,0.7271902249512493,0.7390531019775166,0.7491975804085375,0.7366808641808642,0.0,0.0,0.0,2730000,2730000,10920000,4,1.0,0.0,0.0,0,1050,7.636233125005674,0.943012403539251,0.9704989604989605,0.9565582672486219,0.6411363636363636,0.3588636363636364,1.0,0.34,0.0,430.0,8.19047619047619,100.0,100.0,0.0
tep,Full Data,fixed_full_data,1.0,123,0.5,0.7271902249512493,0.7390531019775166,0.7491975804085375,0.7366808641808642,0.0,0.0,0.0,2730000,2730000,10920000,4,1.0,0.0,0.0,0,1050,7.898014209000394,0.943012403539251,0.9704989604989605,0.9565582672486219,0.6411363636363636,0.3588636363636364,1.0,0.34,0.0,430.0,8.19047619047619,100.0,100.0,0.0
tep,PCA-Triage,method_retrained,0.5,456,0.5,0.6742626055477272,0.6828276661717425,0.6965073071267114,0.6757160182160182,0.26733301989454933,0.10387990890163169,0.026625433406909052,2730000,1365000,5460000,4,0.5,0.0,0.0,0,1050,15.54949258400302,0.9618030212549488,0.9040748440748441,0.9320459100018218,0.3925,0.6075,1.0,2.59,1.0,376.0,7.161904761904762,100.0,100.0,0.0
tep,PCA-Triage,fixed_full_data,0.5,456,0.5,0.6692141640097884,0.6797918132784961,0.6885224122064643,0.6886677511677513,0.26733301989454933,0.10387990890163169,0.026625433406909052,2730000,1365000,5460000,4,0.5,0.0,0.0,0,1050,15.80648441700032,0.9391422139883264,0.9801247401247402,0.9591959226441774,0.6943181818181818,0.30568181818181817,1.0,0.39,0.0,393.0,7.485714285714286,100.0,100.0,0.0
tep,Variance,method_retrained,0.5,456,0.5,0.680909639353783,0.6901633345416961,0.7042216708741347,0.6824053424053423,0.25936981392978903,0.09845996376578713,0.025381171736876304,2730000,1365000,5460000,4,0.5,0.0,0.0,0,1050,10.538826500000141,0.9605187447439473,0.9023284823284823,0.9305147610573934,0.40545454545454546,0.5945454545454546,1.0,3.59,1.0,340.0,6.476190476190476,100.0,100.0,0.0
tep,Variance,fixed_full_data,0.5,456,0.5,0.6728948654391311,0.6832608728482005,0.6922283913357912,0.6924447624447625,0.25936981392978903,0.09845996376578713,0.025381171736876304,2730000,1365000,5460000,4,0.5,0.0,0.0,0,1050,10.918302040998242,0.9396992930399283,0.981018711018711,0.9599145603417586,0.6881818181818182,0.3118181818181818,1.0,0.39,0.0,406.0,7.733333333333333,100.0,100.0,0.0
tep,Threshold,method_retrained,0.5,456,0.5,0.6442593525439703,0.6525552248465706,0.6692382209060975,0.6495295920295922,0.3857018653017793,0.13935647797704534,0.03836492749637946,2730000,1365000,5460000,4,0.5,0.0,0.0,0,1050,9.694943041999068,0.9642661680197027,0.8791060291060291,0.9197189838176439,0.35613636363636364,0.6438636363636364,1.0,4.99,2.0,331.0,6.304761904761905,100.0,100.0,0.0
tep,Threshold,fixed_full_data,0.5,456,0.5,0.6432531390701953,0.6522856061385477,0.6653775661639656,0.6629295704295706,0.3857018653017793,0.13935647797704534,0.03836492749637946,2730000,1365000,5460000,4,0.5,0.0,0.0,0,1050,10.026801957996213,0.939427006864807,0.9843866943866943,0.9613814947919839,0.6938636363636363,0.30613636363636365,1.0,0.39,0.0,378.0,7.2,100.0,100.0,0.0
tep,Uniform,method_retrained,0.5,456,0.5,0.7106658417661964,0.7202039173529798,0.7370337020232822,0.7113046413046413,0.4829810326472044,0.17524427309575472,0.036367371143272834,2730000,1365000,5460000,4,0.5,0.0,0.0,0,1050,10.83689795799728,0.9612236859381155,0.9132224532224532,0.9366084564702872,0.4027272727272727,0.5972727272727273,1.0,2.55,1.0,515.0,9.80952380952381,100.0,100.0,0.0
tep,Uniform,fixed_full_data,0.5,456,0.5,0.6849994174007497,0.6960092525941937,0.7086139065722132,0.6984129384129384,0.4829810326472044,0.17524427309575472,0.036367371143272834,2730000,1365000,5460000,4,0.5,0.0,0.0,0,1050,11.085093332992983,0.9403487672880336,0.9753430353430353,0.9575262781916523,0.6763636363636364,0.3236363636363636,1.0,0.39,0.0,444.0,8.457142857142857,100.0,100.0,0.0
tep,Full Data,method_retrained,1.0,456,0.5,0.7270846058933469,0.7377209018286051,0.7472952369767947,0.735043875043875,0.0,0.0,0.0,2730000,2730000,10920000,4,1.0,0.0,0.0,0,1050,8.216627415997209,0.9454868974441928,0.9721413721413722,0.9586288900733937,0.6127272727272727,0.38727272727272727,1.0,0.22,0.0,393.0,7.485714285714286,100.0,100.0,0.0
tep,Full Data,fixed_full_data,1.0,456,0.5,0.7270846058933469,0.7377209018286051,0.7472952369767947,0.735043875043875,0.0,0.0,0.0,2730000,2730000,10920000,4,1.0,0.0,0.0,0,1050,8.482706583003164,0.9454868974441928,0.9721413721413722,0.9586288900733937,0.6127272727272727,0.38727272727272727,1.0,0.22,0.0,393.0,7.485714285714286,100.0,100.0,0.0
tep,PCA-Triage,method_retrained,0.5,789,0.5,0.673632788744893,0.6816710618625152,0.6973235952402413,0.6731372231372232,0.27367462535053283,0.10493060111251944,0.027273345611126085,2730000,1365000,5460000,4,0.5,0.0,0.0,0,1050,13.397733290999895,0.9625666094155987,0.9088149688149688,0.9349188356823577,0.38636363636363635,0.6136363636363636,1.0,2.34,1.0,349.0,6.647619047619048,100.0,100.0,0.0
tep,PCA-Triage,fixed_full_data,0.5,789,0.5,0.675722142749065,0.6854831916992227,0.6930006996107433,0.6933934533934533,0.27367462535053283,0.10493060111251944,0.027273345611126085,2730000,1365000,5460000,4,0.5,0.0,0.0,0,1050,13.668748249998316,0.9412445615295574,0.9804989604989605,0.960470846995092,0.6690909090909091,0.33090909090909093,1.0,0.18,0.0,415.0,7.904761904761905,100.0,100.0,0.0
tep,Variance,method_retrained,0.5,789,0.5,0.6761204983277356,0.6841105876554101,0.6964480852318194,0.6775943200943202,0.2649469403878206,0.09943174430976102,0.025997540247587488,2730000,1365000,5460000,4,0.5,0.0,0.0,0,1050,10.107581750002282,0.9628814715395279,0.9098128898128898,0.935595249548365,0.3834090909090909,0.6165909090909091,1.0,3.26,2.0,341.0,6.495238095238095,100.0,100.0,0.0
tep,Variance,fixed_full_data,0.5,789,0.5,0.679205450602333,0.6892485535789982,0.6954225434139621,0.6982985707985709,0.2649469403878206,0.09943174430976102,0.025997540247587488,2730000,1365000,5460000,4,0.5,0.0,0.0,0,1050,10.319748792004248,0.9412482008635855,0.9788981288981289,0.959704047939342,0.6679545454545455,0.33204545454545453,1.0,0.18,0.0,414.0,7.885714285714286,100.0,100.0,0.0
tep,Threshold,method_retrained,0.5,789,0.5,0.6366945063450488,0.6440539319057758,0.6586668132667767,0.6385758610758611,0.3848442966103522,0.13897257021764864,0.03866288133273832,2730000,1365000,5460000,4,0.5,0.0,0.0,0,1050,6.745070917000703,0.962536537474619,0.8968399168399168,0.9285276106632802,0.3815909090909091,0.6184090909090909,1.0,3.51,2.0,283.0,5.390476190476191,100.0,100.0,0.0
tep,Threshold,fixed_full_data,0.5,789,0.5,0.6436086839652342,0.6524762698987584,0.6633659386569819,0.66254563004563,0.3848442966103522,0.13897257021764864,0.03866288133273832,2730000,1365000,5460000,4,0.5,0.0,0.0,0,1050,6.959449209003651,0.9403047505228563,0.9814553014553015,0.9604394486546971,0.6811363636363637,0.31886363636363635,1.0,0.18,0.0,381.0,7.257142857142857,100.0,100.0,0.0
tep,Uniform,method_retrained,0.5,789,0.5,0.7040834770031434,0.71303497025645,0.7284294644000004,0.7045623070623069,0.48343133396964644,0.1755126121969094,0.036391539938114045,2730000,1365000,5460000,4,0.5,0.0,0.0,0,1050,7.830964332999429,0.9617718976508602,0.9158627858627859,0.938256091327313,0.39795454545454545,0.6020454545454546,1.0,1.5,0.0,508.0,9.676190476190476,100.0,100.0,0.0
tep,Uniform,fixed_full_data,0.5,789,0.5,0.688449063194489,0.6989073892526533,0.7116493168071434,0.7011813861813861,0.48343133396964644,0.1755126121969094,0.036391539938114045,2730000,1365000,5460000,4,0.5,0.0,0.0,0,1050,8.102429625003424,0.9418770460524994,0.974989604989605,0.9581473271291538,0.6577272727272727,0.3422727272727273,1.0,0.18,0.0,454.0,8.647619047619047,100.0,100.0,0.0
tep,Full Data,method_retrained,1.0,789,0.5,0.7280782761140551,0.7391499729150408,0.7488151199414934,0.7368264843264843,0.0,0.0,0.0,2730000,2730000,10920000,4,1.0,0.0,0.0,0,1050,6.395302832999732,0.9444938012357146,0.9724948024948025,0.958289799848401,0.6247727272727273,0.37522727272727274,1.0,0.0,0.0,382.0,7.276190476190476,100.0,100.0,0.0
tep,Full Data,fixed_full_data,1.0,789,0.5,0.7280782761140551,0.7391499729150408,0.7488151199414934,0.7368264843264843,0.0,0.0,0.0,2730000,2730000,10920000,4,1.0,0.0,0.0,0,1050,6.711855374996958,0.9444938012357146,0.9724948024948025,0.958289799848401,0.6247727272727273,0.37522727272727274,1.0,0.0,0.0,382.0,7.276190476190476,100.0,100.0,0.0
tep,PCA-Triage,method_retrained,0.5,1024,0.5,0.6791868463824577,0.6878790021102829,0.7026603776010709,0.6804043254043256,0.2707700618247437,0.10440044896652292,0.026899938921382073,2730000,1365000,5460000,4,0.5,0.0,0.0,0,1050,8.437864125000488,0.962746708700575,0.9015592515592515,0.9311488786060144,0.38136363636363635,0.6186363636363637,1.0,2.85,1.0,386.0,7.352380952380952,100.0,100.0,0.0
tep,PCA-Triage,fixed_full_data,0.5,1024,0.5,0.6669849081200782,0.6776826464944177,0.6862923517876902,0.68747875997876,0.2707700618247437,0.10440044896652292,0.026899938921382073,2730000,1365000,5460000,4,0.5,0.0,0.0,0,1050,8.68848437500128,0.9384288325518557,0.981975051975052,0.9597082249674902,0.7043181818181818,0.29568181818181816,1.0,0.28,0.0,414.0,7.885714285714286,100.0,100.0,0.0
tep,Variance,method_retrained,0.5,1024,0.5,0.6772314999931798,0.6862285244780101,0.7008020267537838,0.6783924633924633,0.2608367951489682,0.09845332543848896,0.025475015424159864,2730000,1365000,5460000,4,0.5,0.0,0.0,0,1050,8.944649292003305,0.9614983236005951,0.9002702702702703,0.9298774922962947,0.3940909090909091,0.605909090909091,1.0,2.82,1.0,386.0,7.352380952380952,100.0,100.0,0.0
tep,Variance,fixed_full_data,0.5,1024,0.5,0.6716870209227745,0.6830308183344715,0.691011427635091,0.6939956664956665,0.2608367951489682,0.09845332543848896,0.025475015424159864,2730000,1365000,5460000,4,0.5,0.0,0.0,0,1050,9.161675667004602,0.9376452593313601,0.9813305613305613,0.9589906644589145,0.7134090909090909,0.2865909090909091,1.0,0.28,0.0,399.0,7.6,100.0,100.0,0.0
tep,Threshold,method_retrained,0.5,1024,0.5,0.645130256267302,0.653209415880127,0.6668095797600998,0.6492493092493092,0.3820469718966522,0.1382083326293811,0.038207413144711176,2730000,1365000,5460000,4,0.5,0.0,0.0,0,1050,6.676763834002486,0.9633400302489898,0.8872141372141372,0.923711295576792,0.3690909090909091,0.6309090909090909,1.0,4.35,2.0,318.0,6.057142857142857,100.0,100.0,0.0
tep,Threshold,fixed_full_data,0.5,1024,0.5,0.6401332587871144,0.650068884607816,0.6625532083445387,0.6628051003051004,0.3820469718966522,0.1382083326293811,0.038207413144711176,2730000,1365000,5460000,4,0.5,0.0,0.0,0,1050,6.896186625002883,0.9376499276382309,0.9832848232848233,0.9599253102769406,0.7147727272727272,0.2852272727272727,1.0,0.28,0.0,397.0,7.561904761904762,100.0,100.0,0.0
tep,Uniform,method_retrained,0.5,1024,0.5,0.7087290350844129,0.7178595706687895,0.7332523486365738,0.7100648675648676,0.48341831798423857,0.17544370806419973,0.03633828064366631,2730000,1365000,5460000,4,0.5,0.0,0.0,0,1050,9.009470791002968,0.961737422241624,0.9160498960498961,0.9383378587020178,0.39840909090909093,0.6015909090909091,1.0,1.68,1.0,499.0,9.504761904761905,100.0,100.0,0.0
tep,Uniform,fixed_full_data,0.5,1024,0.5,0.6834971259482533,0.695309877651845,0.7082030574356202,0.699499711999712,0.48341831798423857,0.17544370806419973,0.03633828064366631,2730000,1365000,5460000,4,0.5,0.0,0.0,0,1050,9.254308375006076,0.9385086087947687,0.9757172557172558,0.9567513021496937,0.6988636363636364,0.30113636363636365,1.0,0.28,0.0,444.0,8.457142857142857,100.0,100.0,0.0
tep,Full Data,method_retrained,1.0,1024,0.5,0.7297074285086547,0.7419879477618446,0.7524080629543989,0.7395054945054946,0.0,0.0,0.0,2730000,2730000,10920000,4,1.0,0.0,0.0,0,1050,7.186277207998501,0.9419548448168215,0.9723284823284823,0.9569006966680648,0.655,0.345,1.0,0.83,0.0,528.0,10.057142857142857,100.0,100.0,0.0
tep,Full Data,fixed_full_data,1.0,1024,0.5,0.7297074285086547,0.7419879477618446,0.7524080629543989,0.7395054945054946,0.0,0.0,0.0,2730000,2730000,10920000,4,1.0,0.0,0.0,0,1050,7.434694040995964,0.9419548448168215,0.9723284823284823,0.9569006966680648,0.655,0.345,1.0,0.83,0.0,528.0,10.057142857142857,100.0,100.0,0.0
