dataset,method,protocol,budget,requested_budget,seed,available_values,transmitted_values,transmitted_payload_bytes,payload_bytes_per_value,realized_bandwidth,budget_excess,max_window_budget_excess,max_window_excess_values,n_windows,rmse,mae,nrmse_mean,elapsed_s,precision,recall,f1,fpr,specificity,event_recall,mean_detection_delay,median_detection_delay,false_alarm_events,false_alarms_per_1000,n_events,detected_events,missed_events
smd,PCA-Triage,method_retrained,0.3,0.3,42,1082202,324660,1298640,4,0.2999994455748557,0.0,0.0,0,570,10.473777538676238,0.23682467514620772,0.015914118079786245,3.3442831670035957,0.30337078651685395,0.48106904231625836,0.37209302325581395,0.11541593949970913,0.8845840605002908,0.625,50.0,52.0,132.0,4.634994206257242,8.0,5.0,3.0
smd,PCA-Triage,fixed_full_data,0.3,0.3,42,1082202,324660,1298640,4,0.2999994455748557,0.0,0.0,0,570,10.473777538676238,0.23682467514620772,0.015914118079786245,3.522485207999125,0.3180320150659134,0.5014847809948033,0.3892250072025353,0.11235214271863486,0.8876478572813651,0.625,45.2,26.0,135.0,4.740334983672179,8.0,5.0,3.0
smd,Variance,method_retrained,0.3,0.3,42,1082202,324660,1298640,4,0.2999994455748557,0.0,0.0,0,570,2.2368594567920237,0.14107266516978248,0.012463197147909569,2.14045937499759,0.32270916334661354,0.5412026726057907,0.4043261231281198,0.11867364746945899,0.881326352530541,0.75,15.5,2.5,172.0,6.0395379051230735,8.0,6.0,2.0
smd,Variance,fixed_full_data,0.3,0.3,42,1082202,324660,1298640,4,0.2999994455748557,0.0,0.0,0,570,2.2368594567920237,0.14107266516978248,0.012463197147909569,2.325238999997964,0.3291198501872659,0.5219005196733482,0.40367499282227964,0.11114989334884623,0.8888501066511538,0.625,28.0,11.0,148.0,5.196811685803574,8.0,5.0,3.0
smd,Threshold,method_retrained,0.3,0.3,42,1082202,324660,1298640,4,0.2999994455748557,0.0,0.0,0,570,84.93774018568357,0.4270883712491667,0.019161184173043043,2.1242995420034276,0.34080512351326625,0.5530809205642168,0.4217378998018681,0.11177040915260811,0.888229590847392,0.875,4.857142857142857,0.0,126.0,4.424312651427368,8.0,7.0,1.0
smd,Threshold,fixed_full_data,0.3,0.3,42,1082202,324660,1298640,4,0.2999994455748557,0.0,0.0,0,570,84.93774018568357,0.4270883712491667,0.019161184173043043,2.3474219590061693,0.3128005495763682,0.5070527097253155,0.3869140348392579,0.11638549544308707,0.8836145045569129,0.75,16.0,0.0,135.0,4.740334983672179,8.0,6.0,2.0
smd,Uniform,method_retrained,0.3,0.3,42,1082202,324660,1298640,4,0.2999994455748557,0.0,0.0,0,570,119.80321263381774,0.6887449885392058,0.015302127852766087,2.483090417001222,0.3066392881587953,0.49888641425389757,0.3798219584569733,0.11785922047702152,0.8821407795229784,0.625,32.4,29.0,105.0,3.686927209522806,8.0,5.0,3.0
smd,Uniform,fixed_full_data,0.3,0.3,42,1082202,324660,1298640,4,0.2999994455748557,0.0,0.0,0,570,119.80321263381774,0.6887449885392058,0.015302127852766087,2.66752529200312,0.31711292200232827,0.5055679287305123,0.3897553298039777,0.11374830327709909,0.8862516967229009,0.625,32.0,27.0,113.0,3.9678359492959725,8.0,5.0,3.0
smd,Full Data,method_retrained,1.0,0.3,42,1082202,1082202,4328808,4,1.0,0.0,0.0,0,570,0.0,0.0,0.0,0.2239079170030891,0.3257103257103257,0.5233853006681515,0.40153780435711234,0.11320535194880745,0.8867946480511926,1.0,4.25,0.0,247.0,8.673057340496506,8.0,8.0,0.0
smd,Full Data,fixed_full_data,1.0,0.3,42,1082202,1082202,4328808,4,1.0,0.0,0.0,0,570,0.0,0.0,0.0,0.44354329199995846,0.3257103257103257,0.5233853006681515,0.40153780435711234,0.11320535194880745,0.8867946480511926,1.0,4.25,0.0,247.0,8.673057340496506,8.0,8.0,0.0
smd,PCA-Triage,method_retrained,0.3,0.3,123,1082202,324660,1298640,4,0.2999994455748557,0.0,0.0,0,570,6.819533089289322,0.2233078726468906,0.015993546562689975,3.4151918749994365,0.32453547297297297,0.5705270972531552,0.41372812920592195,0.12406437851464029,0.8759356214853597,0.625,23.4,5.0,149.0,5.23192527827522,8.0,5.0,3.0
smd,PCA-Triage,fixed_full_data,0.3,0.3,123,1082202,324660,1298640,4,0.2999994455748557,0.0,0.0,0,570,6.819533089289322,0.2233078726468906,0.015993546562689975,3.6020130420001806,0.3094746501491168,0.5007423904974017,0.38253225577768324,0.11673453558270312,0.8832654644172969,0.625,40.4,16.0,146.0,5.126584500860283,8.0,5.0,3.0
smd,Variance,method_retrained,0.3,0.3,123,1082202,324660,1298640,4,0.2999994455748557,0.0,0.0,0,570,2.045808988725812,0.13740488859163194,0.013085935006743927,2.2050708750030026,0.34240963855421686,0.5274684484038604,0.4152542372881356,0.10583672677913515,0.8941632732208649,0.75,15.333333333333334,5.0,169.0,5.934197127708136,8.0,6.0,2.0
smd,Variance,fixed_full_data,0.3,0.3,123,1082202,324660,1298640,4,0.2999994455748557,0.0,0.0,0,570,2.045808988725812,0.13740488859163194,0.013085935006743927,2.3904921249995823,0.3151392632524708,0.5207869339272457,0.39266722642037505,0.1182470428543727,0.8817529571456273,0.75,27.666666666666668,6.0,187.0,6.56624179219776,8.0,6.0,2.0
smd,Threshold,method_retrained,0.3,0.3,123,1082202,324660,1298640,4,0.2999994455748557,0.0,0.0,0,570,58.34952879722068,0.3815974208553827,0.019142958753700267,2.3995318749948638,0.3259433962264151,0.5129918337045286,0.398615517738679,0.11083963544696529,0.8891603645530347,0.75,41.833333333333336,25.5,147.0,5.161698093331929,8.0,6.0,2.0
smd,Threshold,fixed_full_data,0.3,0.3,123,1082202,324660,1298640,4,0.2999994455748557,0.0,0.0,0,570,58.34952879722068,0.3815974208553827,0.019142958753700267,2.600155000000086,0.30017490161783994,0.5096510764662212,0.3778205833791965,0.12414194299011053,0.8758580570098895,0.75,50.333333333333336,47.5,145.0,5.091470908388637,8.0,6.0,2.0
smd,Uniform,method_retrained,0.3,0.3,123,1082202,324660,1298640,4,0.2999994455748557,0.0,0.0,0,570,125.27545231785314,0.7068270859029048,0.01571510364738046,2.1769543330010492,0.32608695652173914,0.5456570155902004,0.4082199389058595,0.11782043823928641,0.8821795617607135,1.0,3.625,0.0,130.0,4.56476702131395,8.0,8.0,0.0
smd,Uniform,fixed_full_data,0.3,0.3,123,1082202,324660,1298640,4,0.2999994455748557,0.0,0.0,0,570,125.27545231785314,0.7068270859029048,0.01571510364738046,2.352394000001368,0.30792124542124544,0.49925760950259834,0.38091192296799775,0.11723870467325964,0.8827612953267403,0.875,11.428571428571429,5.0,139.0,4.880789353558763,8.0,7.0,1.0
smd,Full Data,method_retrained,1.0,0.3,123,1082202,1082202,4328808,4,1.0,0.0,0.0,0,570,0.0,0.0,0.0,0.19955979199585272,0.324373164671335,0.5330363771343727,0.4033141412722932,0.1159976730657359,0.8840023269342641,0.75,5.666666666666667,0.5,280.0,9.831805892060817,8.0,6.0,2.0
smd,Full Data,fixed_full_data,1.0,0.3,123,1082202,1082202,4328808,4,1.0,0.0,0.0,0,570,0.0,0.0,0.0,0.4057025839938433,0.324373164671335,0.5330363771343727,0.4033141412722932,0.1159976730657359,0.8840023269342641,0.75,5.666666666666667,0.5,280.0,9.831805892060817,8.0,6.0,2.0
smd,PCA-Triage,method_retrained,0.3,0.3,456,1082202,324660,1298640,4,0.2999994455748557,0.0,0.0,0,570,14.249461416208607,0.2729366831561647,0.01639082979396879,3.078191249995143,0.3226465182764958,0.5864884929472903,0.4162824397312607,0.12864068256738415,0.8713593174326159,0.875,7.571428571428571,3.0,164.0,5.758629165349907,8.0,7.0,1.0
smd,PCA-Triage,fixed_full_data,0.3,0.3,456,1082202,324660,1298640,4,0.2999994455748557,0.0,0.0,0,570,14.249461416208607,0.2729366831561647,0.01639082979396879,3.248624125000788,0.3108952116585704,0.49888641425389757,0.3830696879008123,0.11553228621291449,0.8844677137870856,0.625,52.0,40.0,143.0,5.0212437234453455,8.0,5.0,3.0
smd,Variance,method_retrained,0.3,0.3,456,1082202,324660,1298640,4,0.2999994455748557,0.0,0.0,0,570,2.475965782011854,0.14214486354862713,0.012539592509312374,2.162351792001573,0.30776775205963125,0.5824053452115813,0.4027207392197125,0.136862516967229,0.8631374830327709,0.75,17.833333333333332,0.5,200.0,7.022718494329155,8.0,6.0,2.0
smd,Variance,fixed_full_data,0.3,0.3,456,1082202,324660,1298640,4,0.2999994455748557,0.0,0.0,0,570,2.475965782011854,0.14214486354862713,0.012539592509312374,2.34998812500271,0.32142857142857145,0.5178173719376392,0.3966448677850441,0.1142136901299205,0.8857863098700796,0.625,28.8,35.0,182.0,6.390673829839531,8.0,5.0,3.0
smd,Threshold,method_retrained,0.3,0.3,456,1082202,324660,1298640,4,0.2999994455748557,0.0,0.0,0,570,61.70441524815534,0.3922885426477727,0.019049427616882157,2.53824508300022,0.2988298829882988,0.4929472902746845,0.37209302325581395,0.12084545278262555,0.8791545472173744,0.875,28.285714285714285,1.0,152.0,5.337266055690158,8.0,7.0,1.0
smd,Threshold,fixed_full_data,0.3,0.3,456,1082202,324660,1298640,4,0.2999994455748557,0.0,0.0,0,570,61.70441524815534,0.3922885426477727,0.019049427616882157,2.7166601670032833,0.3079693831607384,0.5077951002227171,0.3834080717488789,0.11921659879775064,0.8807834012022494,0.625,46.0,49.0,149.0,5.23192527827522,8.0,5.0,3.0
smd,Uniform,method_retrained,0.3,0.3,456,1082202,324660,1298640,4,0.2999994455748557,0.0,0.0,0,570,104.57291008872237,0.7181339217729801,0.01564974871275582,2.118185291001282,0.3117168608485381,0.526354862657758,0.3915504625155322,0.12142718634865232,0.8785728136513477,0.75,17.833333333333332,14.0,119.0,4.178517504125847,8.0,6.0,2.0
smd,Uniform,fixed_full_data,0.3,0.3,456,1082202,324660,1298640,4,0.2999994455748557,0.0,0.0,0,570,104.57291008872237,0.7181339217729801,0.01564974871275582,2.2907521250017453,0.3215271389144434,0.5189309576837416,0.397046293666572,0.11440760131859608,0.8855923986814039,0.625,33.6,29.0,125.0,4.389199058955722,8.0,5.0,3.0
smd,Full Data,method_retrained,1.0,0.3,456,1082202,1082202,4328808,4,1.0,0.0,0.0,0,570,0.0,0.0,0.0,0.21154862500407035,0.32913421896472744,0.5334075723830735,0.40708215297450423,0.11359317432615862,0.8864068256738413,0.75,5.666666666666667,0.5,262.0,9.199761227571193,8.0,6.0,2.0
smd,Full Data,fixed_full_data,1.0,0.3,456,1082202,1082202,4328808,4,1.0,0.0,0.0,0,570,0.0,0.0,0.0,0.4112385840053321,0.32913421896472744,0.5334075723830735,0.40708215297450423,0.11359317432615862,0.8864068256738413,0.75,5.666666666666667,0.5,262.0,9.199761227571193,8.0,6.0,2.0
smd,PCA-Triage,method_retrained,0.3,0.3,789,1082202,324660,1298640,4,0.2999994455748557,0.0,0.0,0,570,15.386756718843515,0.264883781569313,0.016378157565150823,4.149387459001446,0.325515947467167,0.5152190051967335,0.3989652198907732,0.1115377157261974,0.8884622842738026,0.625,40.2,28.0,146.0,5.126584500860283,8.0,5.0,3.0
smd,PCA-Triage,fixed_full_data,0.3,0.3,789,1082202,324660,1298640,4,0.2999994455748557,0.0,0.0,0,570,15.386756718843515,0.264883781569313,0.016378157565150823,4.416513459000271,0.3474515434314429,0.5389755011135857,0.4225229157573112,0.10575916230366492,0.8942408376963351,0.625,26.8,26.0,144.0,5.0563573159169914,8.0,5.0,3.0
smd,Variance,method_retrained,0.3,0.3,789,1082202,324660,1298640,4,0.2999994455748557,0.0,0.0,0,570,2.064635447915412,0.1411258173613167,0.012749825834017322,4.1040853330050595,0.3358156853618804,0.5356347438752784,0.4128164783292805,0.11068450649602482,0.8893154935039752,0.625,39.2,52.0,146.0,5.126584500860283,8.0,5.0,3.0
smd,Variance,fixed_full_data,0.3,0.3,789,1082202,324660,1298640,4,0.2999994455748557,0.0,0.0,0,570,2.064635447915412,0.1411258173613167,0.012749825834017322,4.372578708003857,0.3481269386781198,0.5415738678544915,0.42381989832970224,0.10595307349234051,0.8940469265076595,0.625,33.2,34.0,160.0,5.618174795463323,8.0,5.0,3.0
smd,Threshold,method_retrained,0.3,0.3,789,1082202,324660,1298640,4,0.2999994455748557,0.0,0.0,0,570,79.33999904220511,0.4099507676698659,0.018603703139699203,2.804926292003074,0.31802604523646333,0.5167037861915368,0.39372083156554943,0.1157649796393252,0.8842350203606748,0.75,31.333333333333332,24.0,124.0,4.354085466484076,8.0,6.0,2.0
smd,Threshold,fixed_full_data,0.3,0.3,789,1082202,324660,1298640,4,0.2999994455748557,0.0,0.0,0,570,79.33999904220511,0.4099507676698659,0.018603703139699203,2.9848535830024048,0.3302238805970149,0.5256124721603563,0.4056144371240332,0.11138258677525693,0.8886174132247431,0.875,12.0,0.0,138.0,4.845675761087117,8.0,7.0,1.0
smd,Uniform,method_retrained,0.3,0.3,789,1082202,324660,1298640,4,0.2999994455748557,0.0,0.0,0,570,103.55106628451928,0.682439681327457,0.015900918255756347,3.524111124999763,0.33569587628865977,0.5801781737193764,0.4253061224489796,0.11995346131471786,0.8800465386852822,0.625,15.2,7.0,106.0,3.722040801994452,8.0,5.0,3.0
smd,Uniform,fixed_full_data,0.3,0.3,789,1082202,324660,1298640,4,0.2999994455748557,0.0,0.0,0,570,103.55106628451928,0.682439681327457,0.015900918255756347,3.854096125003707,0.34411903637222485,0.5408314773570898,0.4206120092378753,0.10769827419042079,0.8923017258095792,0.625,26.2,32.0,120.0,4.213631096597493,8.0,5.0,3.0
smd,Full Data,method_retrained,1.0,0.3,789,1082202,1082202,4328808,4,1.0,0.0,0.0,0,570,0.0,0.0,0.0,0.45693116699840175,0.3470629534285046,0.550482553823311,0.4257212573561074,0.1082024432809773,0.8917975567190227,1.0,4.25,0.0,242.0,8.497489378138278,8.0,8.0,0.0
smd,Full Data,fixed_full_data,1.0,0.3,789,1082202,1082202,4328808,4,1.0,0.0,0.0,0,570,0.0,0.0,0.0,0.8454429170014919,0.3470629534285046,0.550482553823311,0.4257212573561074,0.1082024432809773,0.8917975567190227,1.0,4.25,0.0,242.0,8.497489378138278,8.0,8.0,0.0
smd,PCA-Triage,method_retrained,0.3,0.3,1024,1082202,324660,1298640,4,0.2999994455748557,0.0,0.0,0,570,27.579099925240406,0.29042627555937367,0.016139627698267413,4.080037457999424,0.31541482572410406,0.47698589458054935,0.37972813238770686,0.1081636610432422,0.8918363389567578,0.625,64.4,72.0,141.0,4.951016538502055,8.0,5.0,3.0
smd,PCA-Triage,fixed_full_data,0.3,0.3,1024,1082202,324660,1298640,4,0.2999994455748557,0.0,0.0,0,570,27.579099925240406,0.29042627555937367,0.016139627698267413,4.243352874997072,0.3141476274165202,0.5308092056421678,0.3947005244272702,0.12107814620903626,0.8789218537909638,0.625,45.6,7.0,124.0,4.354085466484076,8.0,5.0,3.0
smd,Variance,method_retrained,0.3,0.3,1024,1082202,324660,1298640,4,0.2999994455748557,0.0,0.0,0,570,3.050561174027049,0.143697206951745,0.013090101101885285,2.199606374997529,0.32305536089698667,0.5133630289532294,0.3965591397849462,0.11239092495636999,0.8876090750436301,0.625,21.8,27.0,136.0,4.775448576143825,8.0,5.0,3.0
smd,Variance,fixed_full_data,0.3,0.3,1024,1082202,324660,1298640,4,0.2999994455748557,0.0,0.0,0,570,3.050561174027049,0.143697206951745,0.013090101101885285,2.3755442920009955,0.3116825537574817,0.5219005196733482,0.39028452463566965,0.12041884816753927,0.8795811518324608,0.625,10.2,7.0,171.0,6.004424312651428,8.0,5.0,3.0
smd,Threshold,method_retrained,0.3,0.3,1024,1082202,324660,1298640,4,0.2999994455748557,0.0,0.0,0,570,72.96537970380612,0.45312242917353646,0.019487783670212436,2.6261888329972862,0.3217140319715808,0.5378619153674833,0.4026118366212837,0.1184797362807834,0.8815202637192165,0.625,24.2,1.0,134.0,4.705221391200534,8.0,5.0,3.0
smd,Threshold,fixed_full_data,0.3,0.3,1024,1082202,324660,1298640,4,0.2999994455748557,0.0,0.0,0,570,72.96537970380612,0.45312242917353646,0.019487783670212436,2.9974125000007916,0.31056701030927836,0.5367483296213809,0.39346938775510204,0.12449098312972659,0.8755090168702734,0.75,21.166666666666668,0.5,132.0,4.634994206257242,8.0,6.0,2.0
smd,Uniform,method_retrained,0.3,0.3,1024,1082202,324660,1298640,4,0.2999994455748557,0.0,0.0,0,570,129.5207333023258,0.7040426155802958,0.016007614413919596,6.148791999999958,0.3145271813613522,0.5111358574610245,0.3894230769230769,0.11638549544308707,0.8836145045569129,0.625,41.8,31.0,111.0,3.897608764352681,8.0,5.0,3.0
smd,Uniform,fixed_full_data,0.3,0.3,1024,1082202,324660,1298640,4,0.2999994455748557,0.0,0.0,0,570,129.5207333023258,0.7040426155802958,0.016007614413919596,6.547737417000462,0.30793019659818865,0.5174461766889383,0.38609610857221993,0.12150475082412256,0.8784952491758774,0.625,18.8,11.0,107.0,3.757154394466098,8.0,5.0,3.0
smd,Full Data,method_retrained,1.0,0.3,1024,1082202,1082202,4328808,4,1.0,0.0,0.0,0,570,0.0,0.0,0.0,0.5193371670029592,0.3254424778761062,0.5460282108389013,0.407818131411145,0.1182470428543727,0.8817529571456273,0.875,5.0,1.0,246.0,8.63794374802486,8.0,7.0,1.0
smd,Full Data,fixed_full_data,1.0,0.3,1024,1082202,1082202,4328808,4,1.0,0.0,0.0,0,570,0.0,0.0,0.0,1.0160012090054806,0.3254424778761062,0.5460282108389013,0.407818131411145,0.1182470428543727,0.8817529571456273,0.875,5.0,1.0,246.0,8.63794374802486,8.0,7.0,1.0
smd,PCA-Triage,method_retrained,0.5,0.5,42,1082202,541101,2164404,4,0.5,0.0,0.0,0,570,9.256841455217723,0.15302107900035034,0.012177979399459323,3.5410842499986757,0.29563399907106364,0.4725315515961396,0.3637142857142857,0.11762652705061082,0.8823734729493892,0.625,44.0,33.0,156.0,5.477720425576741,8.0,5.0,3.0
smd,PCA-Triage,fixed_full_data,0.5,0.5,42,1082202,541101,2164404,4,0.5,0.0,0.0,0,570,9.256841455217723,0.15302107900035034,0.012177979399459323,3.7452369579987135,0.32,0.5107646622123236,0.39348012582213326,0.11339926313748304,0.886600736862517,0.625,29.4,33.0,161.0,5.653288387934969,8.0,5.0,3.0
smd,Variance,method_retrained,0.5,0.5,42,1082202,541101,2164404,4,0.5,0.0,0.0,0,570,1.1438672637322749,0.058017106222644464,0.007567865096446044,4.4469967920013005,0.3390957446808511,0.5679287305122495,0.42464612822647796,0.11564863292611983,0.8843513670738802,0.875,4.857142857142857,0.0,209.0,7.338740826573967,8.0,7.0,1.0
smd,Variance,fixed_full_data,0.5,0.5,42,1082202,541101,2164404,4,0.5,0.0,0.0,0,570,1.1438672637322749,0.058017106222644464,0.007567865096446044,4.87097383299988,0.32915506035283193,0.526354862657758,0.4050271351042559,0.11208066705448905,0.887919332945511,0.875,10.714285714285714,1.0,206.0,7.233400049159029,8.0,7.0,1.0
smd,Threshold,method_retrained,0.5,0.5,42,1082202,541101,2164404,4,0.5,0.0,0.0,0,570,4.972979711296352,0.09696826018822959,0.013354965647360688,3.769139832998917,0.31509347925216596,0.5129918337045286,0.3903954802259887,0.11650184215629242,0.8834981578437076,1.0,6.0,0.0,192.0,6.741809754555988,8.0,8.0,0.0
smd,Threshold,fixed_full_data,0.5,0.5,42,1082202,541101,2164404,4,0.5,0.0,0.0,0,570,4.972979711296352,0.09696826018822959,0.013354965647360688,3.9970221250041504,0.31988211289956925,0.5237564959168522,0.3971850809289233,0.11634671320535195,0.883653286794648,0.875,17.0,0.0,208.0,7.303627234102321,8.0,7.0,1.0
smd,Uniform,method_retrained,0.5,0.5,42,1082202,541101,2164404,4,0.5,0.0,0.0,0,570,105.34280877698963,0.48523383486208094,0.01199795593114388,2.3087390000000596,0.31644144144144143,0.5215293244246474,0.3938884216428371,0.11770409152608105,0.8822959084739189,0.875,4.714285714285714,0.0,154.0,5.407493240633449,8.0,7.0,1.0
smd,Uniform,fixed_full_data,0.5,0.5,42,1082202,541101,2164404,4,0.5,0.0,0.0,0,570,105.34280877698963,0.48523383486208094,0.01199795593114388,2.559332583005016,0.32158693115519255,0.5115070527097253,0.3948989826622725,0.11273996509598604,0.887260034904014,0.75,10.0,3.5,153.0,5.372379648161804,8.0,6.0,2.0
smd,Full Data,method_retrained,1.0,0.5,42,1082202,1082202,4328808,4,1.0,0.0,0.0,0,570,0.0,0.0,0.0,0.24203504199977033,0.3257103257103257,0.5233853006681515,0.40153780435711234,0.11320535194880745,0.8867946480511926,1.0,4.25,0.0,247.0,8.673057340496506,8.0,8.0,0.0
smd,Full Data,fixed_full_data,1.0,0.5,42,1082202,1082202,4328808,4,1.0,0.0,0.0,0,570,0.0,0.0,0.0,0.4887945000009495,0.3257103257103257,0.5233853006681515,0.40153780435711234,0.11320535194880745,0.8867946480511926,1.0,4.25,0.0,247.0,8.673057340496506,8.0,8.0,0.0
smd,PCA-Triage,method_retrained,0.5,0.5,123,1082202,541101,2164404,4,0.5,0.0,0.0,0,570,5.70264574742828,0.14950662252526742,0.012344961085960145,7.377939832993434,0.3269185637174372,0.5170749814402376,0.4005751258087707,0.11122745782431646,0.8887725421756836,1.0,3.75,0.5,181.0,6.355560237367885,8.0,8.0,0.0
smd,PCA-Triage,fixed_full_data,0.5,0.5,123,1082202,541101,2164404,4,0.5,0.0,0.0,0,570,5.70264574742828,0.14950662252526742,0.012344961085960145,7.60769241599337,0.3144294534644409,0.5103934669636229,0.3891325880854677,0.11626914872988171,0.8837308512701183,0.75,35.833333333333336,16.5,193.0,6.776923347027634,8.0,6.0,2.0
smd,Variance,method_retrained,0.5,0.5,123,1082202,541101,2164404,4,0.5,0.0,0.0,0,570,1.2447373907604402,0.056623203338788924,0.007486221425271999,3.1303317499987315,0.31633891721291574,0.48366740905716404,0.3825040364009981,0.10921078146209036,0.8907892185379096,0.625,42.4,35.0,180.0,6.320446644896239,8.0,5.0,3.0
smd,Variance,fixed_full_data,0.5,0.5,123,1082202,541101,2164404,4,0.5,0.0,0.0,0,570,1.2447373907604402,0.056623203338788924,0.007486221425271999,3.366670666997379,0.31910569105691056,0.5244988864142539,0.396798652064027,0.1169284467713787,0.8830715532286213,0.875,27.571428571428573,11.0,226.0,7.935671898591945,8.0,7.0,1.0
smd,Threshold,method_retrained,0.5,0.5,123,1082202,541101,2164404,4,0.5,0.0,0.0,0,570,5.125972351526682,0.10310628311365239,0.013533596968828375,4.619121249997988,0.3357159876101978,0.5230141054194506,0.40893919605282253,0.10812487880550707,0.891875121194493,0.75,14.5,0.0,180.0,6.320446644896239,8.0,6.0,2.0
smd,Threshold,fixed_full_data,0.5,0.5,123,1082202,541101,2164404,4,0.5,0.0,0.0,0,570,5.125972351526682,0.10310628311365239,0.013533596968828375,5.046898665998015,0.3045751633986928,0.5189309576837416,0.38385502471169686,0.12379290285049448,0.8762070971495055,0.75,5.666666666666667,0.0,237.0,8.321921415780048,8.0,6.0,2.0
smd,Uniform,method_retrained,0.5,0.5,123,1082202,541101,2164404,4,0.5,0.0,0.0,0,570,58.39574783479263,0.3359039996552958,0.011626383045809624,4.516131208001752,0.3296500920810313,0.5315515961395694,0.4069337880079568,0.11293387628466163,0.8870661237153383,1.0,6.25,0.0,156.0,5.477720425576741,8.0,8.0,0.0
smd,Uniform,fixed_full_data,0.5,0.5,123,1082202,541101,2164404,4,0.5,0.0,0.0,0,570,58.39574783479263,0.3359039996552958,0.011626383045809624,5.0223333750036545,0.3138370505234411,0.5118782479584262,0.38910835214446954,0.1169284467713787,0.8830715532286213,0.75,10.666666666666666,4.0,167.0,5.863969942764844,8.0,6.0,2.0
smd,Full Data,method_retrained,1.0,0.5,123,1082202,1082202,4328808,4,1.0,0.0,0.0,0,570,0.0,0.0,0.0,0.5039764589964761,0.324373164671335,0.5330363771343727,0.4033141412722932,0.1159976730657359,0.8840023269342641,0.75,5.666666666666667,0.5,280.0,9.831805892060817,8.0,6.0,2.0
smd,Full Data,fixed_full_data,1.0,0.5,123,1082202,1082202,4328808,4,1.0,0.0,0.0,0,570,0.0,0.0,0.0,1.149736708997807,0.324373164671335,0.5330363771343727,0.4033141412722932,0.1159976730657359,0.8840023269342641,0.75,5.666666666666667,0.5,280.0,9.831805892060817,8.0,6.0,2.0
smd,PCA-Triage,method_retrained,0.5,0.5,456,1082202,541101,2164404,4,0.5,0.0,0.0,0,570,11.989912299675579,0.17160161214417446,0.012271879182563764,6.901112332998309,0.3217899707668091,0.5311804008908686,0.40078420389301217,0.11696722900911383,0.8830327709908862,0.625,44.8,26.0,189.0,6.636468977141051,8.0,5.0,3.0
smd,PCA-Triage,fixed_full_data,0.5,0.5,456,1082202,541101,2164404,4,0.5,0.0,0.0,0,570,11.989912299675579,0.17160161214417446,0.012271879182563764,7.304819750002935,0.3247351450944265,0.5233853006681515,0.4007959067652075,0.11370952103936396,0.8862904789606361,0.625,53.0,26.0,174.0,6.1097650900663645,8.0,5.0,3.0
smd,Variance,method_retrained,0.5,0.5,456,1082202,541101,2164404,4,0.5,0.0,0.0,0,570,1.0528956213254237,0.05673607648962883,0.007442023178355801,4.571103084002971,0.315989847715736,0.5545657015590201,0.40258690379951495,0.1254217568353694,0.8745782431646306,1.0,3.5,0.0,206.0,7.233400049159029,8.0,8.0,0.0
smd,Variance,fixed_full_data,0.5,0.5,456,1082202,541101,2164404,4,0.5,0.0,0.0,0,570,1.0528956213254237,0.05673607648962883,0.007442023178355801,4.968116208998254,0.3261070110701107,0.5248700816629547,0.402275960170697,0.1133216986620128,0.8866783013379872,0.875,5.285714285714286,0.0,219.0,7.6898767512904245,8.0,7.0,1.0
smd,Threshold,method_retrained,0.5,0.5,456,1082202,541101,2164404,4,0.5,0.0,0.0,0,570,14.561583704350712,0.10509381649653642,0.012267092149042492,2.884820667000895,0.3028658271819366,0.5178173719376392,0.3821917808219178,0.1245297653674617,0.8754702346325383,0.625,40.8,29.0,200.0,7.022718494329155,8.0,5.0,3.0
smd,Threshold,fixed_full_data,0.5,0.5,456,1082202,541101,2164404,4,0.5,0.0,0.0,0,570,14.561583704350712,0.10509381649653642,0.012267092149042492,3.0791574999966542,0.3137647320435846,0.5237564959168522,0.39243498817966904,0.11968198565057203,0.8803180143494279,0.75,16.5,0.0,216.0,7.584535973875488,8.0,6.0,2.0
smd,Uniform,method_retrained,0.5,0.5,456,1082202,541101,2164404,4,0.5,0.0,0.0,0,570,73.70892534464605,0.38161137310616794,0.011830258956597105,2.2091654159958125,0.31438356164383563,0.5111358574610245,0.3893129770992366,0.11646305991855731,0.8835369400814427,0.875,5.0,0.0,158.0,5.5479476105200325,8.0,7.0,1.0
smd,Uniform,fixed_full_data,0.5,0.5,456,1082202,541101,2164404,4,0.5,0.0,0.0,0,570,73.70892534464605,0.38161137310616794,0.011830258956597105,2.436629332994926,0.3280350149735084,0.5285820341499629,0.40483297796730633,0.11312778747333721,0.8868722125266628,0.75,14.0,4.0,171.0,6.004424312651428,8.0,6.0,2.0
smd,Full Data,method_retrained,1.0,0.5,456,1082202,1082202,4328808,4,1.0,0.0,0.0,0,570,0.0,0.0,0.0,0.20353804199839942,0.32913421896472744,0.5334075723830735,0.40708215297450423,0.11359317432615862,0.8864068256738413,0.75,5.666666666666667,0.5,262.0,9.199761227571193,8.0,6.0,2.0
smd,Full Data,fixed_full_data,1.0,0.5,456,1082202,1082202,4328808,4,1.0,0.0,0.0,0,570,0.0,0.0,0.0,0.40656154199677985,0.32913421896472744,0.5334075723830735,0.40708215297450423,0.11359317432615862,0.8864068256738413,0.75,5.666666666666667,0.5,262.0,9.199761227571193,8.0,6.0,2.0
smd,PCA-Triage,method_retrained,0.5,0.5,789,1082202,541101,2164404,4,0.5,0.0,0.0,0,570,9.063094018615487,0.1486771826141103,0.0123215826222329,5.48881049999909,0.3281653746770026,0.5185597624350409,0.40195655301395483,0.11091719992243552,0.8890828000775645,0.625,17.4,7.0,162.0,5.688401980406615,8.0,5.0,3.0
smd,PCA-Triage,fixed_full_data,0.5,0.5,789,1082202,541101,2164404,4,0.5,0.0,0.0,0,570,9.063094018615487,0.1486771826141103,0.0123215826222329,5.863244665997627,0.3441466854724965,0.5434298440979956,0.4214162348877375,0.1082024432809773,0.8917975567190227,0.625,12.4,7.0,174.0,6.1097650900663645,8.0,5.0,3.0
smd,Variance,method_retrained,0.5,0.5,789,1082202,541101,2164404,4,0.5,0.0,0.0,0,570,1.1664335284690388,0.058792542475409604,0.007545365606614518,3.493673666998802,0.3523626769009355,0.5452858203414996,0.4280926708436544,0.10471204188481675,0.8952879581151832,0.875,9.857142857142858,1.0,191.0,6.706696162084343,8.0,7.0,1.0
smd,Variance,fixed_full_data,0.5,0.5,789,1082202,541101,2164404,4,0.5,0.0,0.0,0,570,1.1664335284690388,0.058792542475409604,0.007545365606614518,3.6939448329940205,0.3481743227326266,0.5486265775798069,0.4259979824182159,0.10731045181306961,0.8926895481869304,1.0,4.25,0.0,212.0,7.444081603988904,8.0,8.0,0.0
smd,Threshold,method_retrained,0.5,0.5,789,1082202,541101,2164404,4,0.5,0.0,0.0,0,570,43.3849984158501,0.14567433663120066,0.012987096219688863,2.2027931250049733,0.3137587964086387,0.4799554565701559,0.379457079970653,0.10967616831491177,0.8903238316850882,0.625,47.0,52.0,130.0,4.56476702131395,8.0,5.0,3.0
smd,Threshold,fixed_full_data,0.5,0.5,789,1082202,541101,2164404,4,0.5,0.0,0.0,0,570,43.3849984158501,0.14567433663120066,0.012987096219688863,2.4586138340018806,0.3378839590443686,0.5512249443207127,0.4189589504866695,0.1128563118091914,0.8871436881908086,1.0,3.625,0.0,224.0,7.865444713648653,8.0,8.0,0.0
smd,Uniform,method_retrained,0.5,0.5,789,1082202,541101,2164404,4,0.5,0.0,0.0,0,570,79.62311498652296,0.36949812366290674,0.011701142294110501,3.6478011250001146,0.32365339578454333,0.5129918337045286,0.3968983342906376,0.11200310257901881,0.8879968974209812,0.875,16.142857142857142,1.0,141.0,4.951016538502055,8.0,7.0,1.0
smd,Uniform,fixed_full_data,0.5,0.5,789,1082202,541101,2164404,4,0.5,0.0,0.0,0,570,79.62311498652296,0.36949812366290674,0.011701142294110501,4.028104250006436,0.34086584205518555,0.5319227913882703,0.4154827486227892,0.10746558076401008,0.8925344192359899,0.875,5.0,0.0,161.0,5.653288387934969,8.0,7.0,1.0
smd,Full Data,method_retrained,1.0,0.5,789,1082202,1082202,4328808,4,1.0,0.0,0.0,0,570,0.0,0.0,0.0,0.39800845900026616,0.3470629534285046,0.550482553823311,0.4257212573561074,0.1082024432809773,0.8917975567190227,1.0,4.25,0.0,242.0,8.497489378138278,8.0,8.0,0.0
smd,Full Data,fixed_full_data,1.0,0.5,789,1082202,1082202,4328808,4,1.0,0.0,0.0,0,570,0.0,0.0,0.0,0.7750577090046136,0.3470629534285046,0.550482553823311,0.4257212573561074,0.1082024432809773,0.8917975567190227,1.0,4.25,0.0,242.0,8.497489378138278,8.0,8.0,0.0
smd,PCA-Triage,method_retrained,0.5,0.5,1024,1082202,541101,2164404,4,0.5,0.0,0.0,0,570,9.108858622195259,0.14912540165486526,0.012487219776599655,4.001349292004306,0.31211979410388396,0.4951744617668894,0.38289322617680827,0.1140197789412449,0.8859802210587551,0.625,20.4,10.0,189.0,6.636468977141051,8.0,5.0,3.0
smd,PCA-Triage,fixed_full_data,0.5,0.5,1024,1082202,541101,2164404,4,0.5,0.0,0.0,0,570,9.108858622195259,0.14912540165486526,0.012487219776599655,4.197352499999397,0.3204985533051413,0.534521158129176,0.40072352859329347,0.11840217180531316,0.8815978281946868,0.625,7.4,1.0,166.0,5.828856350293199,8.0,5.0,3.0
smd,Variance,method_retrained,0.5,0.5,1024,1082202,541101,2164404,4,0.5,0.0,0.0,0,570,1.6801480693419122,0.059887002886186404,0.00788204550867436,3.0510463749960763,0.32291427258101585,0.5215293244246474,0.3988644428672818,0.11425247236765561,0.8857475276323444,0.75,12.0,7.0,209.0,7.338740826573967,8.0,6.0,2.0
smd,Variance,fixed_full_data,0.5,0.5,1024,1082202,541101,2164404,4,0.5,0.0,0.0,0,570,1.6801480693419122,0.059887002886186404,0.00788204550867436,3.4458534160003182,0.31937403570641393,0.5378619153674833,0.40077444336882867,0.11975955012604227,0.8802404498739578,0.875,4.428571428571429,0.0,203.0,7.1280592717440925,8.0,7.0,1.0
smd,Threshold,method_retrained,0.5,0.5,1024,1082202,541101,2164404,4,0.5,0.0,0.0,0,570,1.8912726490586644,0.09550670083094955,0.012402164297904895,3.7309165409969864,0.33164739884393063,0.5111358574610245,0.4022787028921998,0.10762070971495055,0.8923792902850495,0.625,33.2,31.0,201.0,7.057832086800801,8.0,5.0,3.0
smd,Threshold,fixed_full_data,0.5,0.5,1024,1082202,541101,2164404,4,0.5,0.0,0.0,0,570,1.8912726490586644,0.09550670083094955,0.012402164297904895,3.950738583000202,0.30830636461704425,0.5304380103934669,0.3899577022786192,0.12433585417878612,0.8756641458212139,0.75,15.666666666666666,0.5,228.0,8.005899083535237,8.0,6.0,2.0
smd,Uniform,method_retrained,0.5,0.5,1024,1082202,541101,2164404,4,0.5,0.0,0.0,0,570,102.24329261453067,0.5333948575900623,0.01222663483974848,1.970566666997911,0.30894854586129755,0.5126206384558277,0.38553880513679506,0.11979833236377739,0.8802016676362227,0.625,22.4,27.0,151.0,5.302152463218512,8.0,5.0,3.0
smd,Uniform,fixed_full_data,0.5,0.5,1024,1082202,541101,2164404,4,0.5,0.0,0.0,0,570,102.24329261453067,0.5333948575900623,0.01222663483974848,2.1491342919980525,0.31552330694810904,0.5326651818856719,0.3962993648163491,0.12072910606942021,0.8792708939305798,0.75,8.166666666666666,4.5,151.0,5.302152463218512,8.0,6.0,2.0
smd,Full Data,method_retrained,1.0,0.5,1024,1082202,1082202,4328808,4,1.0,0.0,0.0,0,570,0.0,0.0,0.0,0.18903420899732737,0.3254424778761062,0.5460282108389013,0.407818131411145,0.1182470428543727,0.8817529571456273,0.875,5.0,1.0,246.0,8.63794374802486,8.0,7.0,1.0
smd,Full Data,fixed_full_data,1.0,0.5,1024,1082202,1082202,4328808,4,1.0,0.0,0.0,0,570,0.0,0.0,0.0,0.4256038340026862,0.3254424778761062,0.5460282108389013,0.407818131411145,0.1182470428543727,0.8817529571456273,0.875,5.0,1.0,246.0,8.63794374802486,8.0,7.0,1.0
smd,PCA-Triage,method_retrained,0.7,0.7,42,1082202,757541,3030164,4,0.6999996303832371,0.0,0.0,0,570,1.8114927277783837,0.039932522470690596,0.006530639692603962,6.504178208000667,0.3210455764075067,0.5334075723830735,0.400836820083682,0.11785922047702152,0.8821407795229784,1.0,4.25,0.0,193.0,6.776923347027634,8.0,8.0,0.0
smd,PCA-Triage,fixed_full_data,0.7,0.7,42,1082202,757541,3030164,4,0.6999996303832371,0.0,0.0,0,570,1.8114927277783837,0.039932522470690596,0.006530639692603962,6.782391957996879,0.3235225955967555,0.51818856718634,0.39834498501926097,0.11320535194880745,0.8867946480511926,0.75,6.5,0.0,197.0,6.917377716914218,8.0,6.0,2.0
smd,Variance,method_retrained,0.7,0.7,42,1082202,757541,3030164,4,0.6999996303832371,0.0,0.0,0,570,0.7911035146623981,0.01463008282037566,0.0039741621893479556,4.093116249998275,0.3236825661320558,0.576837416481069,0.41467645096731154,0.1259259259259259,0.8740740740740741,1.0,4.125,0.0,247.0,8.673057340496506,8.0,8.0,0.0
smd,Variance,fixed_full_data,0.7,0.7,42,1082202,757541,3030164,4,0.6999996303832371,0.0,0.0,0,570,0.7911035146623981,0.01463008282037566,0.0039741621893479556,4.527800916999695,0.3282336578581363,0.5256124721603563,0.4041095890410959,0.11239092495636999,0.8876090750436301,1.0,4.25,0.0,230.0,8.076126268478529,8.0,8.0,0.0
smd,Threshold,method_retrained,0.7,0.7,42,1082202,757541,3030164,4,0.6999996303832371,0.0,0.0,0,570,0.6050979979048622,0.020332125959654657,0.0038767240652050165,4.598023083002772,0.32545045045045046,0.53637713437268,0.4051023268853378,0.11615280201667637,0.8838471979833237,1.0,3.375,0.0,252.0,8.848625302854735,8.0,8.0,0.0
smd,Threshold,fixed_full_data,0.7,0.7,42,1082202,757541,3030164,4,0.6999996303832371,0.0,0.0,0,570,0.6050979979048622,0.020332125959654657,0.0038767240652050165,4.971491791002336,0.3253290233202494,0.5230141054194506,0.40113879003558717,0.1133216986620128,0.8866783013379872,0.875,4.714285714285714,0.0,245.0,8.602830155553214,8.0,7.0,1.0
smd,Uniform,method_retrained,0.7,0.7,42,1082202,757541,3030164,4,0.6999996303832371,0.0,0.0,0,570,74.05037487747647,0.24614293641500912,0.00886476245952918,4.339881250001781,0.3078132016165245,0.5089086859688196,0.38360380526021265,0.11956563893736669,0.8804343610626333,0.875,4.714285714285714,0.0,230.0,8.076126268478529,8.0,7.0,1.0
smd,Uniform,fixed_full_data,0.7,0.7,42,1082202,757541,3030164,4,0.6999996303832371,0.0,0.0,0,570,74.05037487747647,0.24614293641500912,0.00886476245952918,4.756657083999016,0.32448171441882134,0.5170749814402376,0.39874051810505223,0.11246848943184022,0.8875315105681598,0.875,4.714285714285714,0.0,185.0,6.496014607254468,8.0,7.0,1.0
smd,Full Data,method_retrained,1.0,0.7,42,1082202,1082202,4328808,4,1.0,0.0,0.0,0,570,0.0,0.0,0.0,0.4218709580018185,0.3257103257103257,0.5233853006681515,0.40153780435711234,0.11320535194880745,0.8867946480511926,1.0,4.25,0.0,247.0,8.673057340496506,8.0,8.0,0.0
smd,Full Data,fixed_full_data,1.0,0.7,42,1082202,1082202,4328808,4,1.0,0.0,0.0,0,570,0.0,0.0,0.0,0.8769293330042274,0.3257103257103257,0.5233853006681515,0.40153780435711234,0.11320535194880745,0.8867946480511926,1.0,4.25,0.0,247.0,8.673057340496506,8.0,8.0,0.0
smd,PCA-Triage,method_retrained,0.7,0.7,123,1082202,757541,3030164,4,0.6999996303832371,0.0,0.0,0,570,2.515942400315503,0.04092080919450776,0.006342311567117173,4.458924250000564,0.343905325443787,0.5393466963622866,0.4200028905911259,0.1075043630017452,0.8924956369982548,0.625,25.4,7.0,215.0,7.549422381403842,8.0,5.0,3.0
smd,PCA-Triage,fixed_full_data,0.7,0.7,123,1082202,757541,3030164,4,0.6999996303832371,0.0,0.0,0,570,2.515942400315503,0.04092080919450776,0.006342311567117173,4.7904771249959595,0.32146098003629764,0.5259836674090571,0.39904252323289213,0.1159976730657359,0.8840023269342641,0.75,10.5,4.0,247.0,8.673057340496506,8.0,6.0,2.0
smd,Variance,method_retrained,0.7,0.7,123,1082202,757541,3030164,4,0.6999996303832371,0.0,0.0,0,570,0.9069918878487022,0.015266284439007025,0.003739558307182731,3.174122417003673,0.31431159420289856,0.5152190051967335,0.39043600562587905,0.11743261586193524,0.8825673841380648,1.0,10.125,0.0,266.0,9.340215597457776,8.0,8.0,0.0
smd,Variance,fixed_full_data,0.7,0.7,123,1082202,757541,3030164,4,0.6999996303832371,0.0,0.0,0,570,0.9069918878487022,0.015266284439007025,0.003739558307182731,3.376061542003299,0.3204954954954955,0.5282108389012621,0.39893467900196244,0.11700601124684894,0.882993988753151,0.75,6.0,1.0,283.0,9.937146669475753,8.0,6.0,2.0
smd,Threshold,method_retrained,0.7,0.7,123,1082202,757541,3030164,4,0.6999996303832371,0.0,0.0,0,570,0.5747133823198105,0.020491183365175768,0.0037529790938631816,4.708843458000047,0.33485818847209514,0.5434298440979956,0.4143787149731107,0.11277874733372116,0.8872212526662788,0.75,5.666666666666667,0.5,237.0,8.321921415780048,8.0,6.0,2.0
smd,Threshold,fixed_full_data,0.7,0.7,123,1082202,757541,3030164,4,0.6999996303832371,0.0,0.0,0,570,0.5747133823198105,0.020491183365175768,0.0037529790938631816,5.138408790997346,0.31983805668016196,0.5278396436525612,0.3983193277310924,0.11727748691099477,0.8827225130890053,0.75,7.333333333333333,3.5,279.0,9.796692299589171,8.0,6.0,2.0
smd,Uniform,method_retrained,0.7,0.7,123,1082202,757541,3030164,4,0.6999996303832371,0.0,0.0,0,570,22.243440502941276,0.14842661495827397,0.008636336302963768,3.3781344590024673,0.31257372021703234,0.49183370452858205,0.3822299148997548,0.11301144076013186,0.8869885592398682,1.0,7.875,0.5,207.0,7.268513641630675,8.0,8.0,0.0
smd,Uniform,fixed_full_data,0.7,0.7,123,1082202,757541,3030164,4,0.6999996303832371,0.0,0.0,0,570,22.243440502941276,0.14842661495827397,0.008636336302963768,3.5792862090020208,0.31967398686891557,0.5241276911655531,0.3971312051750809,0.11654062439402754,0.8834593756059724,0.875,8.857142857142858,1.0,216.0,7.584535973875488,8.0,7.0,1.0
smd,Full Data,method_retrained,1.0,0.7,123,1082202,1082202,4328808,4,1.0,0.0,0.0,0,570,0.0,0.0,0.0,0.20710616600263165,0.324373164671335,0.5330363771343727,0.4033141412722932,0.1159976730657359,0.8840023269342641,0.75,5.666666666666667,0.5,280.0,9.831805892060817,8.0,6.0,2.0
smd,Full Data,fixed_full_data,1.0,0.7,123,1082202,1082202,4328808,4,1.0,0.0,0.0,0,570,0.0,0.0,0.0,0.4231567910028389,0.324373164671335,0.5330363771343727,0.4033141412722932,0.1159976730657359,0.8840023269342641,0.75,5.666666666666667,0.5,280.0,9.831805892060817,8.0,6.0,2.0
smd,PCA-Triage,method_retrained,0.7,0.7,456,1082202,757541,3030164,4,0.6999996303832371,0.0,0.0,0,570,1.324369374216973,0.03688244151718023,0.006079435404470088,4.369242041000689,0.30056301429190124,0.5152190051967335,0.3796498905908096,0.12526662788442894,0.8747333721155711,0.75,25.666666666666668,3.5,237.0,8.321921415780048,8.0,6.0,2.0
smd,PCA-Triage,fixed_full_data,0.7,0.7,456,1082202,757541,3030164,4,0.6999996303832371,0.0,0.0,0,570,1.324369374216973,0.03688244151718023,0.006079435404470088,4.7379307500013965,0.32732732732732733,0.5259836674090571,0.40353125444966537,0.11293387628466163,0.8870661237153383,0.625,20.0,1.0,229.0,8.041012676006883,8.0,5.0,3.0
smd,Variance,method_retrained,0.7,0.7,456,1082202,757541,3030164,4,0.6999996303832371,0.0,0.0,0,570,0.9252700832359417,0.015313786055664325,0.003878147366487715,4.452195416997711,0.29903888160768893,0.508166295471418,0.3765126512651265,0.12445220089199147,0.8755477991080085,0.625,16.8,7.0,251.0,8.81351171038309,8.0,5.0,3.0
smd,Variance,fixed_full_data,0.7,0.7,456,1082202,757541,3030164,4,0.6999996303832371,0.0,0.0,0,570,0.9252700832359417,0.015313786055664325,0.003878147366487715,4.652801999996882,0.32901734104046243,0.5282108389012621,0.40547086479555494,0.11254605390731046,0.8874539460926896,0.75,5.666666666666667,0.5,254.0,8.918852487798027,8.0,6.0,2.0
smd,Threshold,method_retrained,0.7,0.7,456,1082202,757541,3030164,4,0.6999996303832371,0.0,0.0,0,570,0.617094093748306,0.0209668356498471,0.003812386792709902,2.224719083002128,0.3243423985733393,0.5400890868596881,0.4052924791086351,0.11754896257514058,0.8824510374248594,1.0,4.25,0.0,267.0,9.375329189929422,8.0,8.0,0.0
smd,Threshold,fixed_full_data,0.7,0.7,456,1082202,757541,3030164,4,0.6999996303832371,0.0,0.0,0,570,0.617094093748306,0.0209668356498471,0.003812386792709902,2.442737582998234,0.3286729314691726,0.532293986636971,0.4064049879552218,0.11359317432615862,0.8864068256738413,0.75,5.5,0.0,252.0,8.848625302854735,8.0,6.0,2.0
smd,Uniform,method_retrained,0.7,0.7,456,1082202,757541,3030164,4,0.6999996303832371,0.0,0.0,0,570,58.63135629429432,0.23513922000969623,0.008856041982379811,3.2386522500019055,0.31945681211041854,0.5326651818856719,0.3993876983022544,0.11855730075625363,0.8814426992437464,0.875,4.0,0.0,194.0,6.81203693949928,8.0,7.0,1.0
smd,Uniform,fixed_full_data,0.7,0.7,456,1082202,757541,3030164,4,0.6999996303832371,0.0,0.0,0,570,58.63135629429432,0.23513922000969623,0.008856041982379811,3.616323000002012,0.32933855727126066,0.5304380103934669,0.406369970140765,0.1128563118091914,0.8871436881908086,0.75,5.5,0.0,210.0,7.373854419045612,8.0,6.0,2.0
smd,Full Data,method_retrained,1.0,0.7,456,1082202,1082202,4328808,4,1.0,0.0,0.0,0,570,0.0,0.0,0.0,0.4081733749990235,0.32913421896472744,0.5334075723830735,0.40708215297450423,0.11359317432615862,0.8864068256738413,0.75,5.666666666666667,0.5,262.0,9.199761227571193,8.0,6.0,2.0
smd,Full Data,fixed_full_data,1.0,0.7,456,1082202,1082202,4328808,4,1.0,0.0,0.0,0,570,0.0,0.0,0.0,0.8427354999948875,0.32913421896472744,0.5334075723830735,0.40708215297450423,0.11359317432615862,0.8864068256738413,0.75,5.666666666666667,0.5,262.0,9.199761227571193,8.0,6.0,2.0
smd,PCA-Triage,method_retrained,0.7,0.7,789,1082202,757541,3030164,4,0.6999996303832371,0.0,0.0,0,570,1.694905796292565,0.038682413353201175,0.006369257921534481,4.070671790999768,0.32616641582455386,0.5631031922791389,0.413070115724983,0.12154353306185767,0.8784564669381423,0.75,5.833333333333333,1.0,253.0,8.883738895326381,8.0,6.0,2.0
smd,PCA-Triage,fixed_full_data,0.7,0.7,789,1082202,757541,3030164,4,0.6999996303832371,0.0,0.0,0,570,1.694905796292565,0.038682413353201175,0.006369257921534481,4.270138541003689,0.3457371643900141,0.5449146250927989,0.42305475504322765,0.10773705642815591,0.8922629435718441,1.0,4.25,0.0,204.0,7.1631728642157375,8.0,8.0,0.0
smd,Variance,method_retrained,0.7,0.7,789,1082202,757541,3030164,4,0.6999996303832371,0.0,0.0,0,570,0.856104802210165,0.014956297375104307,0.00372241059609219,3.450879707997956,0.33641975308641975,0.5259836674090571,0.41036779611931656,0.1083963544696529,0.8916036455303471,1.0,4.25,0.0,221.0,7.760103936233716,8.0,8.0,0.0
smd,Variance,fixed_full_data,0.7,0.7,789,1082202,757541,3030164,4,0.6999996303832371,0.0,0.0,0,570,0.856104802210165,0.014956297375104307,0.00372241059609219,3.810695375002979,0.3493070237256284,0.5519673348181143,0.42785210761041576,0.10742679852627497,0.892573201473725,1.0,4.25,0.0,238.0,8.357035008251694,8.0,8.0,0.0
smd,Threshold,method_retrained,0.7,0.7,789,1082202,757541,3030164,4,0.6999996303832371,0.0,0.0,0,570,0.5249036336478926,0.020449823191430256,0.004010798994057088,4.655858332997013,0.31536622473375353,0.538604305864885,0.3978067169294037,0.12216404886561955,0.8778359511343804,1.0,4.375,0.0,214.0,7.514308788932196,8.0,8.0,0.0
smd,Threshold,fixed_full_data,0.7,0.7,789,1082202,757541,3030164,4,0.6999996303832371,0.0,0.0,0,570,0.5249036336478926,0.020449823191430256,0.004010798994057088,4.958720624999842,0.3475509725802672,0.550482553823311,0.42608820571756933,0.1079697498545666,0.8920302501454334,1.0,4.375,0.0,229.0,8.041012676006883,8.0,8.0,0.0
smd,Uniform,method_retrained,0.7,0.7,789,1082202,757541,3030164,4,0.6999996303832371,0.0,0.0,0,570,72.971038705072,0.2540665212572176,0.008490684576988287,4.637144332999014,0.3322791958436865,0.5460282108389013,0.4131442213172307,0.11464029474500678,0.8853597052549932,1.0,3.125,0.0,186.0,6.531128199726114,8.0,8.0,0.0
smd,Uniform,fixed_full_data,0.7,0.7,789,1082202,757541,3030164,4,0.6999996303832371,0.0,0.0,0,570,72.971038705072,0.2540665212572176,0.008490684576988287,5.0551605410000775,0.341700213118636,0.5356347438752784,0.4172329044383403,0.10781462090362615,0.8921853790963739,1.0,4.375,0.0,180.0,6.320446644896239,8.0,8.0,0.0
smd,Full Data,method_retrained,1.0,0.7,789,1082202,1082202,4328808,4,1.0,0.0,0.0,0,570,0.0,0.0,0.0,0.4623532499972498,0.3470629534285046,0.550482553823311,0.4257212573561074,0.1082024432809773,0.8917975567190227,1.0,4.25,0.0,242.0,8.497489378138278,8.0,8.0,0.0
smd,Full Data,fixed_full_data,1.0,0.7,789,1082202,1082202,4328808,4,1.0,0.0,0.0,0,570,0.0,0.0,0.0,0.8648555829931865,0.3470629534285046,0.550482553823311,0.4257212573561074,0.1082024432809773,0.8917975567190227,1.0,4.25,0.0,242.0,8.497489378138278,8.0,8.0,0.0
smd,PCA-Triage,method_retrained,0.7,0.7,1024,1082202,757541,3030164,4,0.6999996303832371,0.0,0.0,0,570,2.1629603977507745,0.03837830120138908,0.0061113962892368435,6.561803958000382,0.29671864091226435,0.4732739420935412,0.36475468459447863,0.11719992243552453,0.8828000775644754,0.625,31.8,7.0,240.0,8.427262193194986,8.0,5.0,3.0
smd,PCA-Triage,fixed_full_data,0.7,0.7,1024,1082202,757541,3030164,4,0.6999996303832371,0.0,0.0,0,570,2.1629603977507745,0.03837830120138908,0.0061113962892368435,6.997508957996615,0.3229305002213369,0.5415738678544915,0.40460343871325566,0.11863486523172387,0.8813651347682762,0.75,6.0,0.5,206.0,7.233400049159029,8.0,6.0,2.0
smd,Variance,method_retrained,0.7,0.7,1024,1082202,757541,3030164,4,0.6999996303832371,0.0,0.0,0,570,0.7830245903450248,0.014706964487336199,0.00373134975089621,3.795181125002273,0.3247566063977747,0.5200445434298441,0.3998287671232877,0.11297265852239674,0.8870273414776032,0.75,7.333333333333333,3.5,251.0,8.81351171038309,8.0,6.0,2.0
smd,Variance,fixed_full_data,0.7,0.7,1024,1082202,757541,3030164,4,0.6999996303832371,0.0,0.0,0,570,0.7830245903450248,0.014706964487336199,0.00373134975089621,4.00032425000245,0.3241746066917793,0.5430586488492948,0.40599417233245455,0.11828582509210782,0.8817141749078922,0.875,4.857142857142857,0.0,249.0,8.743284525439798,8.0,7.0,1.0
smd,Threshold,method_retrained,0.7,0.7,1024,1082202,757541,3030164,4,0.6999996303832371,0.0,0.0,0,570,0.48611940460057385,0.02053380819919347,0.0039044532749198816,2.318630583002232,0.3412322274881517,0.5612472160356348,0.4244210526315789,0.11320535194880745,0.8867946480511926,1.0,4.125,0.0,248.0,8.708170932968152,8.0,8.0,0.0
smd,Threshold,fixed_full_data,0.7,0.7,1024,1082202,757541,3030164,4,0.6999996303832371,0.0,0.0,0,570,0.48611940460057385,0.02053380819919347,0.0039044532749198816,2.525413290997676,0.31971153846153844,0.5430586488492948,0.4024759284731774,0.12072910606942021,0.8792708939305798,0.75,6.666666666666667,0.5,237.0,8.321921415780048,8.0,6.0,2.0
smd,Uniform,method_retrained,0.7,0.7,1024,1082202,757541,3030164,4,0.6999996303832371,0.0,0.0,0,570,49.04163681239129,0.21064571153825146,0.008663414702634832,2.1188284589952673,0.3255869669381888,0.5044543429844098,0.3957483983692487,0.10917199922435525,0.8908280007756447,0.875,8.714285714285714,0.0,187.0,6.56624179219776,8.0,7.0,1.0
smd,Uniform,fixed_full_data,0.7,0.7,1024,1082202,757541,3030164,4,0.6999996303832371,0.0,0.0,0,570,49.04163681239129,0.21064571153825146,0.008663414702634832,2.333011249997071,0.32077550121172066,0.540460282108389,0.402599198119729,0.11956563893736669,0.8804343610626333,0.875,4.714285714285714,0.0,185.0,6.496014607254468,8.0,7.0,1.0
smd,Full Data,method_retrained,1.0,0.7,1024,1082202,1082202,4328808,4,1.0,0.0,0.0,0,570,0.0,0.0,0.0,0.2115041669967468,0.3254424778761062,0.5460282108389013,0.407818131411145,0.1182470428543727,0.8817529571456273,0.875,5.0,1.0,246.0,8.63794374802486,8.0,7.0,1.0
smd,Full Data,fixed_full_data,1.0,0.7,1024,1082202,1082202,4328808,4,1.0,0.0,0.0,0,570,0.0,0.0,0.0,0.721183875000861,0.3254424778761062,0.5460282108389013,0.407818131411145,0.1182470428543727,0.8817529571456273,0.875,5.0,1.0,246.0,8.63794374802486,8.0,7.0,1.0
psm,PCA-Triage,method_retrained,0.3,0.3,42,2196025,658807,2635228,4,0.2999997723158889,0.0,0.0,0,1757,0.27624225251213164,0.10834916330202303,0.016531749288266315,14.147562666999875,0.9973684210526316,0.015544891513883762,0.03061265700092888,1.575795776867318e-05,0.9999842420422314,0.06944444444444445,814.0,95.0,1.0,0.01138420555321547,72.0,5.0,67.0
psm,PCA-Triage,fixed_full_data,0.3,0.3,42,2196025,658807,2635228,4,0.2999997723158889,0.0,0.0,0,1757,0.27624225251213164,0.10834916330202303,0.016531749288266315,14.44372299999668,0.9471153846153846,0.024240187030884704,0.04727054589082184,0.000520012606366215,0.9994799873936338,0.125,1325.0,47.0,7.0,0.07968943887250828,72.0,9.0,63.0
psm,Variance,method_retrained,0.3,0.3,42,2196025,658807,2635228,4,0.2999997723158889,0.0,0.0,0,1757,0.24512442062510126,0.08730912336049364,0.01691165036115176,6.108627000001434,0.9975669099756691,0.016816373405520692,0.03307518554372378,1.575795776867318e-05,0.9999842420422314,0.1388888888888889,1212.4,60.0,1.0,0.01138420555321547,72.0,10.0,62.0
psm,Variance,fixed_full_data,0.3,0.3,42,2196025,658807,2635228,4,0.2999997723158889,0.0,0.0,0,1757,0.24512442062510126,0.08730912336049364,0.01691165036115176,6.575262207996275,0.9716981132075472,0.02534760674295558,0.04940640364552105,0.00028364323983611726,0.9997163567601639,0.18055555555555555,716.7692307692307,25.0,5.0,0.056921027766077346,72.0,13.0,59.0
psm,Threshold,method_retrained,0.3,0.3,42,2196025,658807,2635228,4,0.2999997723158889,0.0,0.0,0,1757,0.28307361021363975,0.10077766430295608,0.018733954888865863,6.292747457999212,1.0,0.015011689430294082,0.029579342950660687,0.0,1.0,0.06944444444444445,830.4,96.0,0.0,0.0,72.0,5.0,67.0
psm,Threshold,fixed_full_data,0.3,0.3,42,2196025,658807,2635228,4,0.2999997723158889,0.0,0.0,0,1757,0.28307361021363975,0.10077766430295608,0.018733954888865863,6.951170707994606,0.9807073954983923,0.02501948238382347,0.04879414470263568,0.00018909549322407816,0.9998109045067759,0.1111111111111111,1485.875,75.5,2.0,0.02276841110643094,72.0,8.0,64.0
psm,Uniform,method_retrained,0.3,0.3,42,2196025,658807,2635228,4,0.2999997723158889,0.0,0.0,0,1757,0.31387128098380884,0.10464789910461966,0.015337735436265276,8.703004042006796,1.0,0.015216767154751652,0.02997737556561086,0.0,1.0,0.09722222222222222,672.5714285714286,210.0,0.0,0.0,72.0,7.0,65.0
psm,Uniform,fixed_full_data,0.3,0.3,42,2196025,658807,2635228,4,0.2999997723158889,0.0,0.0,0,1757,0.31387128098380884,0.10464789910461966,0.015337735436265276,9.28910912500578,0.9618441971383148,0.0248144046593659,0.048380647740903636,0.0003781909864481563,0.9996218090135518,0.1388888888888889,1214.7,70.0,8.0,0.09107364442572376,72.0,10.0,62.0
psm,Full Data,method_retrained,1.0,0.3,42,2196025,2196025,8784100,4,1.0,0.0,0.0,0,1757,0.0,0.0,0.0,0.6630829170026118,0.9565916398713826,0.02440424921045076,0.047594288685357755,0.00042546485975417586,0.9995745351402459,0.20833333333333334,562.4,21.0,21.0,0.23906831661752484,72.0,15.0,57.0
psm,Full Data,fixed_full_data,1.0,0.3,42,2196025,2196025,8784100,4,1.0,0.0,0.0,0,1757,0.0,0.0,0.0,1.2334947920026025,0.9565916398713826,0.02440424921045076,0.047594288685357755,0.00042546485975417586,0.9995745351402459,0.20833333333333334,562.4,21.0,21.0,0.23906831661752484,72.0,15.0,57.0
psm,PCA-Triage,method_retrained,0.3,0.3,123,2196025,658807,2635228,4,0.2999997723158889,0.0,0.0,0,1757,0.28908013944867916,0.10925069895496557,0.016646320040307604,7.180763374999515,1.0,0.014273409622246831,0.028145092806017225,0.0,1.0,0.06944444444444445,826.6,96.0,0.0,0.0,72.0,5.0,67.0
psm,PCA-Triage,fixed_full_data,0.3,0.3,123,2196025,658807,2635228,4,0.2999997723158889,0.0,0.0,0,1757,0.28908013944867916,0.10925069895496557,0.016646320040307604,7.795915041999251,0.9661458333333334,0.015216767154751652,0.029961639410458308,0.00020485345099275135,0.9997951465490073,0.1111111111111111,921.375,125.0,4.0,0.04553682221286188,72.0,8.0,64.0
psm,Variance,method_retrained,0.3,0.3,123,2196025,658807,2635228,4,0.2999997723158889,0.0,0.0,0,1757,0.23854422483619123,0.08702733207072529,0.016917537683068168,6.613354499997513,0.9946949602122016,0.015380829334317706,0.03029323854915583,3.151591553734636e-05,0.9999684840844627,0.1111111111111111,540.625,59.0,2.0,0.02276841110643094,72.0,8.0,64.0
psm,Variance,fixed_full_data,0.3,0.3,123,2196025,658807,2635228,4,0.2999997723158889,0.0,0.0,0,1757,0.23854422483619123,0.08702733207072529,0.016917537683068168,7.413744833997043,0.9921671018276762,0.015585907058775276,0.03068971087061864,4.727387330601954e-05,0.999952726126694,0.1527777777777778,1126.0,95.0,2.0,0.02276841110643094,72.0,11.0,61.0
psm,Threshold,method_retrained,0.3,0.3,123,2196025,658807,2635228,4,0.2999997723158889,0.0,0.0,0,1757,0.27594329297545506,0.09988091267948582,0.018405174573093364,6.267043332998583,0.9511627906976744,0.01677535786062918,0.03296924751118455,0.0003309171131421368,0.9996690828868579,0.08333333333333333,688.1666666666666,83.0,7.0,0.07968943887250828,72.0,6.0,66.0
psm,Threshold,fixed_full_data,0.3,0.3,123,2196025,658807,2635228,4,0.2999997723158889,0.0,0.0,0,1757,0.27594329297545506,0.09988091267948582,0.018405174573093364,6.837358541000867,0.95822454308094,0.015052704975185596,0.02963979970925537,0.0002521273242987709,0.9997478726757012,0.1111111111111111,1472.5,225.5,7.0,0.07968943887250828,72.0,8.0,64.0
psm,Uniform,method_retrained,0.3,0.3,123,2196025,658807,2635228,4,0.2999997723158889,0.0,0.0,0,1757,0.28031126278304813,0.10426622092316694,0.015046702637251788,5.489952083000389,0.9947229551451188,0.015462860424100734,0.03045234248788368,3.151591553734636e-05,0.9999684840844627,0.1111111111111111,547.75,69.5,2.0,0.02276841110643094,72.0,8.0,64.0
psm,Uniform,fixed_full_data,0.3,0.3,123,2196025,658807,2635228,4,0.2999997723158889,0.0,0.0,0,1757,0.28031126278304813,0.10426622092316694,0.015046702637251788,5.885706125001889,0.9772727272727273,0.015873015873015872,0.03123864874682165,0.00014182161991805863,0.999858178380082,0.09722222222222222,618.8571428571429,96.0,4.0,0.04553682221286188,72.0,7.0,65.0
psm,Full Data,method_retrained,1.0,0.3,123,2196025,2196025,8784100,4,1.0,0.0,0.0,0,1757,0.0,0.0,0.0,0.8279088329945807,0.9713603818615751,0.016693326770846152,0.03282258064516129,0.00018909549322407816,0.9998109045067759,0.20833333333333334,761.9333333333333,17.0,11.0,0.12522626108537016,72.0,15.0,57.0
psm,Full Data,fixed_full_data,1.0,0.3,123,2196025,2196025,8784100,4,1.0,0.0,0.0,0,1757,0.0,0.0,0.0,1.728401499996835,0.9713603818615751,0.016693326770846152,0.03282258064516129,0.00018909549322407816,0.9998109045067759,0.20833333333333334,761.9333333333333,17.0,11.0,0.12522626108537016,72.0,15.0,57.0
psm,PCA-Triage,method_retrained,0.3,0.3,456,2196025,658807,2635228,4,0.2999997723158889,0.0,0.0,0,1757,0.29257315561560804,0.10877242727818424,0.0167534050255113,12.636530665993632,0.9862637362637363,0.014724580616053484,0.029015962820771873,7.87897888433659e-05,0.9999212102111567,0.09722222222222222,619.4285714285714,95.0,4.0,0.04553682221286188,72.0,7.0,65.0
psm,PCA-Triage,fixed_full_data,0.3,0.3,456,2196025,658807,2635228,4,0.2999997723158889,0.0,0.0,0,1757,0.29257315561560804,0.10877242727818424,0.0167534050255113,12.944605874996341,0.9865229110512129,0.015011689430294082,0.029573367808661925,7.87897888433659e-05,0.9999212102111567,0.09722222222222222,593.1428571428571,33.0,3.0,0.034152616659646404,72.0,7.0,65.0
psm,Variance,method_retrained,0.3,0.3,456,2196025,658807,2635228,4,0.2999997723158889,0.0,0.0,0,1757,0.24001137877077017,0.08700771602851512,0.016620956023260337,4.153796499995224,0.9734748010610079,0.015052704975185596,0.029646982793440503,0.0001575795776867318,0.9998424204223133,0.1111111111111111,551.875,65.5,5.0,0.056921027766077346,72.0,8.0,64.0
psm,Variance,fixed_full_data,0.3,0.3,456,2196025,658807,2635228,4,0.2999997723158889,0.0,0.0,0,1757,0.24001137877077017,0.08700771602851512,0.016620956023260337,4.4549226660019485,0.9918918918918919,0.015052704975185596,0.02965536745990061,4.727387330601954e-05,0.999952726126694,0.1111111111111111,1136.0,65.5,3.0,0.034152616659646404,72.0,8.0,64.0
psm,Threshold,method_retrained,0.3,0.3,456,2196025,658807,2635228,4,0.2999997723158889,0.0,0.0,0,1757,0.2717098689420461,0.10083866603202737,0.01864060484308143,4.234702499998093,0.9739583333333334,0.015339813789426192,0.030203916818090048,0.0001575795776867318,0.9998424204223133,0.1111111111111111,1081.5,125.0,6.0,0.06830523331929281,72.0,8.0,64.0
psm,Threshold,fixed_full_data,0.3,0.3,456,2196025,658807,2635228,4,0.2999997723158889,0.0,0.0,0,1757,0.2717098689420461,0.10083866603202737,0.01864060484308143,4.532778375003545,0.988950276243094,0.01468356507116197,0.02893747726629754,6.303183107469272e-05,0.9999369681689253,0.08333333333333333,1512.8333333333333,153.5,2.0,0.02276841110643094,72.0,6.0,66.0
psm,Uniform,method_retrained,0.3,0.3,456,2196025,658807,2635228,4,0.2999997723158889,0.0,0.0,0,1757,0.29488365233433905,0.10458094849566889,0.015109689710547613,3.8043605409984593,0.9358024691358025,0.015544891513883762,0.03058178003711773,0.0004097069019855027,0.9995902930980145,0.125,830.2222222222222,96.0,6.0,0.06830523331929281,72.0,9.0,63.0
psm,Uniform,fixed_full_data,0.3,0.3,456,2196025,658807,2635228,4,0.2999997723158889,0.0,0.0,0,1757,0.29488365233433905,0.10458094849566889,0.015109689710547613,4.103117582999403,0.991869918699187,0.015011689430294082,0.029575757575757575,4.727387330601954e-05,0.999952726126694,0.08333333333333333,691.6666666666666,64.0,2.0,0.02276841110643094,72.0,6.0,66.0
psm,Full Data,method_retrained,1.0,0.3,456,2196025,2196025,8784100,4,1.0,0.0,0.0,0,1757,0.0,0.0,0.0,0.3329267090011854,0.9790575916230366,0.015339813789426192,0.030206356257319388,0.00012606366214938544,0.9998739363378506,0.19444444444444445,663.7857142857143,13.0,7.0,0.07968943887250828,72.0,14.0,58.0
psm,Full Data,fixed_full_data,1.0,0.3,456,2196025,2196025,8784100,4,1.0,0.0,0.0,0,1757,0.0,0.0,0.0,0.6873342499966384,0.9790575916230366,0.015339813789426192,0.030206356257319388,0.00012606366214938544,0.9998739363378506,0.19444444444444445,663.7857142857143,13.0,7.0,0.07968943887250828,72.0,14.0,58.0
psm,PCA-Triage,method_retrained,0.3,0.3,789,2196025,658807,2635228,4,0.2999997723158889,0.0,0.0,0,1757,0.29220536510270667,0.10810760750723168,0.01685140982849975,6.522167167000589,0.9752475247524752,0.016160124687256472,0.03179342344159774,0.0001575795776867318,0.9998424204223133,0.1111111111111111,901.875,59.0,5.0,0.056921027766077346,72.0,8.0,64.0
psm,PCA-Triage,fixed_full_data,0.3,0.3,789,2196025,658807,2635228,4,0.2999997723158889,0.0,0.0,0,1757,0.29220536510270667,0.10810760750723168,0.01685140982849975,6.903510083000583,0.9672897196261683,0.01698043558508675,0.03337498488451771,0.0002206114087614245,0.9997793885912386,0.1527777777777778,1101.090909090909,23.0,7.0,0.07968943887250828,72.0,11.0,61.0
psm,Variance,method_retrained,0.3,0.3,789,2196025,658807,2635228,4,0.2999997723158889,0.0,0.0,0,1757,0.3035633017032953,0.08803023740191826,0.017459685468979844,5.0679781250000815,0.9729119638826185,0.017677699848242485,0.03472446019980664,0.00018909549322407816,0.9998109045067759,0.1527777777777778,503.0,33.0,1.0,0.01138420555321547,72.0,11.0,61.0
psm,Variance,fixed_full_data,0.3,0.3,789,2196025,658807,2635228,4,0.2999997723158889,0.0,0.0,0,1757,0.3035633017032953,0.08803023740191826,0.017459685468979844,5.45319395900151,0.9646017699115044,0.017882777572700053,0.03511456529617847,0.0002521273242987709,0.9997478726757012,0.18055555555555555,726.0,33.0,6.0,0.06830523331929281,72.0,13.0,59.0
psm,Threshold,method_retrained,0.3,0.3,789,2196025,658807,2635228,4,0.2999997723158889,0.0,0.0,0,1757,0.2949072362431555,0.10143039924527987,0.019356847186740057,5.688100874998781,0.94921875,0.019933554817275746,0.0390471216807938,0.0004097069019855027,0.9995902930980145,0.1388888888888889,417.6,28.0,6.0,0.06830523331929281,72.0,10.0,62.0
psm,Threshold,fixed_full_data,0.3,0.3,789,2196025,658807,2635228,4,0.2999997723158889,0.0,0.0,0,1757,0.2949072362431555,0.10143039924527987,0.019356847186740057,6.071632915998634,0.9727891156462585,0.017595668758459457,0.03456611070824269,0.00018909549322407816,0.9998109045067759,0.1527777777777778,900.8181818181819,80.0,10.0,0.11384205553215469,72.0,11.0,61.0
psm,Uniform,method_retrained,0.3,0.3,789,2196025,658807,2635228,4,0.2999997723158889,0.0,0.0,0,1757,0.29820335484148064,0.10485242969236325,0.015313160337987314,5.167478249997657,0.9476190476190476,0.016324186866822524,0.0320954800209669,0.00034667507091080995,0.9996533249290892,0.1111111111111111,549.875,58.5,6.0,0.06830523331929281,72.0,8.0,64.0
psm,Uniform,fixed_full_data,0.3,0.3,789,2196025,658807,2635228,4,0.2999997723158889,0.0,0.0,0,1757,0.29820335484148064,0.10485242969236325,0.015313160337987314,5.554338249996363,0.9287257019438445,0.01763668430335097,0.03461600386411206,0.000520012606366215,0.9994799873936338,0.1527777777777778,1115.2727272727273,95.0,9.0,0.10245784997893922,72.0,11.0,61.0
psm,Full Data,method_retrained,1.0,0.3,789,2196025,2196025,8784100,4,1.0,0.0,0.0,0,1757,0.0,0.0,0.0,0.4497284169992781,0.9222903885480572,0.01849801074607276,0.036268596702854844,0.0005988023952095808,0.9994011976047904,0.2361111111111111,514.1176470588235,11.0,24.0,0.27322093327717123,72.0,17.0,55.0
psm,Full Data,fixed_full_data,1.0,0.3,789,2196025,2196025,8784100,4,1.0,0.0,0.0,0,1757,0.0,0.0,0.0,0.8744997079993482,0.9222903885480572,0.01849801074607276,0.036268596702854844,0.0005988023952095808,0.9994011976047904,0.2361111111111111,514.1176470588235,11.0,24.0,0.27322093327717123,72.0,17.0,55.0
psm,PCA-Triage,method_retrained,0.3,0.3,1024,2196025,658807,2635228,4,0.2999997723158889,0.0,0.0,0,1757,0.30173610950018975,0.10866308603408487,0.01655492858971752,10.136626250001427,1.0,0.015914031417907388,0.0313294844361904,0.0,1.0,0.125,970.1111111111111,95.0,0.0,0.0,72.0,9.0,63.0
psm,PCA-Triage,fixed_full_data,0.3,0.3,1024,2196025,658807,2635228,4,0.2999997723158889,0.0,0.0,0,1757,0.30173610950018975,0.10866308603408487,0.01655492858971752,10.531852457999776,0.9975124378109452,0.016447233501497068,0.03236089254731066,1.575795776867318e-05,0.9999842420422314,0.125,896.1111111111111,119.0,1.0,0.01138420555321547,72.0,9.0,63.0
psm,Variance,method_retrained,0.3,0.3,1024,2196025,658807,2635228,4,0.2999997723158889,0.0,0.0,0,1757,0.24985237672431715,0.08721163871922863,0.01699387491564851,5.622864999997546,0.9870466321243523,0.015626922603666788,0.030766746073404128,7.87897888433659e-05,0.9999212102111567,0.09722222222222222,584.0,22.0,2.0,0.02276841110643094,72.0,7.0,65.0
psm,Variance,fixed_full_data,0.3,0.3,1024,2196025,658807,2635228,4,0.2999997723158889,0.0,0.0,0,1757,0.24985237672431715,0.08721163871922863,0.01699387491564851,6.026641791002476,0.9900497512437811,0.016324186866822524,0.032118791106807085,6.303183107469272e-05,0.9999369681689253,0.125,1279.2222222222222,42.0,1.0,0.01138420555321547,72.0,9.0,63.0
psm,Threshold,method_retrained,0.3,0.3,1024,2196025,658807,2635228,4,0.2999997723158889,0.0,0.0,0,1757,0.2796339928727836,0.10114849264114917,0.018752840127058072,6.380753416997322,0.9977116704805492,0.017882777572700053,0.03513578854057539,1.575795776867318e-05,0.9999842420422314,0.1111111111111111,1052.125,58.5,1.0,0.01138420555321547,72.0,8.0,64.0
psm,Threshold,fixed_full_data,0.3,0.3,1024,2196025,658807,2635228,4,0.2999997723158889,0.0,0.0,0,1757,0.2796339928727836,0.10114849264114917,0.018752840127058072,6.870947249997698,0.9975609756097561,0.01677535786062918,0.032995845266427334,1.575795776867318e-05,0.9999842420422314,0.125,1183.4444444444443,152.0,1.0,0.01138420555321547,72.0,9.0,63.0
psm,Uniform,method_retrained,0.3,0.3,1024,2196025,658807,2635228,4,0.2999997723158889,0.0,0.0,0,1757,0.29804710760429326,0.10439117420437356,0.015206513566282704,6.219452207995346,0.9897172236503856,0.015790984783232844,0.03108599111828825,6.303183107469272e-05,0.9999369681689253,0.06944444444444445,818.0,96.0,1.0,0.01138420555321547,72.0,5.0,67.0
psm,Uniform,fixed_full_data,0.3,0.3,1024,2196025,658807,2635228,4,0.2999997723158889,0.0,0.0,0,1757,0.29804710760429326,0.10439117420437356,0.015206513566282704,6.648280333000002,0.9925373134328358,0.01636520241171404,0.032199491586974945,4.727387330601954e-05,0.999952726126694,0.1388888888888889,1150.6,124.5,1.0,0.01138420555321547,72.0,10.0,62.0
psm,Full Data,method_retrained,1.0,0.3,1024,2196025,2196025,8784100,4,1.0,0.0,0.0,0,1757,0.0,0.0,0.0,0.575393333005195,0.9880952380952381,0.01702145112997826,0.033466392484174025,7.87897888433659e-05,0.9999212102111567,0.2222222222222222,643.6875,13.0,5.0,0.056921027766077346,72.0,16.0,56.0
psm,Full Data,fixed_full_data,1.0,0.3,1024,2196025,2196025,8784100,4,1.0,0.0,0.0,0,1757,0.0,0.0,0.0,1.128036833004444,0.9880952380952381,0.01702145112997826,0.033466392484174025,7.87897888433659e-05,0.9999212102111567,0.2222222222222222,643.6875,13.0,5.0,0.056921027766077346,72.0,16.0,56.0
psm,PCA-Triage,method_retrained,0.5,0.5,42,2196025,1098012,4392048,4,0.49999977231588894,0.0,0.0,0,1757,0.2115790193649888,0.06865013789124491,0.013342375856073636,10.478231916997174,0.9843342036553525,0.015462860424100734,0.030447423679534808,9.454774661203908e-05,0.999905452253388,0.1388888888888889,848.7,63.5,3.0,0.034152616659646404,72.0,10.0,62.0
psm,PCA-Triage,fixed_full_data,0.5,0.5,42,2196025,1098012,4392048,4,0.49999977231588894,0.0,0.0,0,1757,0.2115790193649888,0.06865013789124491,0.013342375856073636,10.949112041998887,0.9604612850082372,0.023912062671752596,0.04666239795101649,0.0003781909864481563,0.9996218090135518,0.1388888888888889,1191.7,33.0,10.0,0.11384205553215469,72.0,10.0,62.0
psm,Variance,method_retrained,0.5,0.5,42,2196025,1098012,4392048,4,0.49999977231588894,0.0,0.0,0,1757,0.18524184958320342,0.044539686332464794,0.012522324556592806,6.200858209005673,1.0,0.01648824904638858,0.03244159302747851,0.0,1.0,0.18055555555555555,749.7692307692307,21.0,0.0,0.0,72.0,13.0,59.0
psm,Variance,fixed_full_data,0.5,0.5,42,2196025,1098012,4392048,4,0.49999977231588894,0.0,0.0,0,1757,0.18524184958320342,0.044539686332464794,0.012522324556592806,6.6595655840064865,0.9660194174757282,0.02448628030023379,0.047761910476419055,0.0003309171131421368,0.9996690828868579,0.16666666666666666,820.5,35.5,15.0,0.17076308329823203,72.0,12.0,60.0
psm,Threshold,method_retrained,0.5,0.5,42,2196025,1098012,4392048,4,0.49999977231588894,0.0,0.0,0,1757,0.22165851953155236,0.06152357583135202,0.015060314659074538,7.863179833002505,1.0,0.015339813789426192,0.030216117955968493,0.0,1.0,0.1111111111111111,1509.875,124.5,0.0,0.0,72.0,8.0,64.0
psm,Threshold,fixed_full_data,0.5,0.5,42,2196025,1098012,4392048,4,0.49999977231588894,0.0,0.0,0,1757,0.22165851953155236,0.06152357583135202,0.015060314659074538,8.503521708000335,0.967687074829932,0.0233378450432714,0.04557651487844928,0.0002994011976047904,0.9997005988023953,0.125,492.1111111111111,59.0,9.0,0.10245784997893922,72.0,9.0,63.0
psm,Uniform,method_retrained,0.5,0.5,42,2196025,1098012,4392048,4,0.49999977231588894,0.0,0.0,0,1757,0.21811150434645935,0.06845090699398411,0.011724919570723585,7.58617620899895,0.94921875,0.019933554817275746,0.0390471216807938,0.0004097069019855027,0.9995902930980145,0.16666666666666666,515.4166666666666,37.5,11.0,0.12522626108537016,72.0,12.0,60.0
psm,Uniform,fixed_full_data,0.5,0.5,42,2196025,1098012,4392048,4,0.49999977231588894,0.0,0.0,0,1757,0.21811150434645935,0.06845090699398411,0.011724919570723585,8.114465958999062,0.96,0.02460932693490833,0.04798848276413661,0.0003939489442168295,0.9996060510557832,0.16666666666666666,821.1666666666666,35.5,8.0,0.09107364442572376,72.0,12.0,60.0
psm,Full Data,method_retrained,1.0,0.5,42,2196025,2196025,8784100,4,1.0,0.0,0.0,0,1757,0.0,0.0,0.0,0.6118725829946925,0.9565916398713826,0.02440424921045076,0.047594288685357755,0.00042546485975417586,0.9995745351402459,0.20833333333333334,562.4,21.0,21.0,0.23906831661752484,72.0,15.0,57.0
psm,Full Data,fixed_full_data,1.0,0.5,42,2196025,2196025,8784100,4,1.0,0.0,0.0,0,1757,0.0,0.0,0.0,1.2215025830009836,0.9565916398713826,0.02440424921045076,0.047594288685357755,0.00042546485975417586,0.9995745351402459,0.20833333333333334,562.4,21.0,21.0,0.23906831661752484,72.0,15.0,57.0
psm,PCA-Triage,method_retrained,0.5,0.5,123,2196025,1098012,4392048,4,0.49999977231588894,0.0,0.0,0,1757,0.22674167214653818,0.0692228134829438,0.013443853309415079,10.27892858300038,0.9948453608247423,0.01583200032812436,0.031167992248374986,3.151591553734636e-05,0.9999684840844627,0.1111111111111111,894.375,65.0,1.0,0.01138420555321547,72.0,8.0,64.0
psm,PCA-Triage,fixed_full_data,0.5,0.5,123,2196025,1098012,4392048,4,0.49999977231588894,0.0,0.0,0,1757,0.22674167214653818,0.0692228134829438,0.013443853309415079,10.752596291000373,0.9669211195928753,0.015585907058775276,0.03067732299991927,0.00020485345099275135,0.9997951465490073,0.1388888888888889,1515.5,130.5,6.0,0.06830523331929281,72.0,10.0,62.0
psm,Variance,method_retrained,0.5,0.5,123,2196025,1098012,4392048,4,0.49999977231588894,0.0,0.0,0,1757,0.17916893532293443,0.04472471678531978,0.012856357413970551,6.208609583001817,0.9920844327176781,0.01542184487920922,0.03037156704361874,4.727387330601954e-05,0.999952726126694,0.125,1003.5555555555555,21.0,3.0,0.034152616659646404,72.0,9.0,63.0
psm,Variance,fixed_full_data,0.5,0.5,123,2196025,1098012,4392048,4,0.49999977231588894,0.0,0.0,0,1757,0.17916893532293443,0.04472471678531978,0.012856357413970551,6.623690917003842,0.979539641943734,0.015708953693449816,0.03092200871952204,0.00012606366214938544,0.9998739363378506,0.16666666666666666,1074.6666666666667,58.0,6.0,0.06830523331929281,72.0,12.0,60.0
psm,Threshold,method_retrained,0.5,0.5,123,2196025,1098012,4392048,4,0.49999977231588894,0.0,0.0,0,1757,0.21062128261983046,0.06279987902321077,0.015758415334846166,11.555840459004685,0.9720101781170484,0.015667938148558304,0.030838782594655688,0.00017333753545540497,0.9998266624645445,0.1388888888888889,1062.8,58.0,10.0,0.11384205553215469,72.0,10.0,62.0
psm,Threshold,fixed_full_data,0.5,0.5,123,2196025,1098012,4392048,4,0.49999977231588894,0.0,0.0,0,1757,0.21062128261983046,0.06279987902321077,0.015758415334846166,12.062739042004978,0.9548872180451128,0.015626922603666788,0.030750605326876512,0.00028364323983611726,0.9997163567601639,0.1527777777777778,1069.6363636363637,95.0,13.0,0.1479946721918011,72.0,11.0,61.0
psm,Uniform,method_retrained,0.5,0.5,123,2196025,1098012,4392048,4,0.49999977231588894,0.0,0.0,0,1757,0.23707457361129936,0.06861440436087846,0.011766413633909662,6.401089457998751,0.9973333333333333,0.015339813789426192,0.030214897398610437,1.575795776867318e-05,0.9999842420422314,0.09722222222222222,585.0,32.0,1.0,0.01138420555321547,72.0,7.0,65.0
psm,Uniform,fixed_full_data,0.5,0.5,123,2196025,1098012,4392048,4,0.49999977231588894,0.0,0.0,0,1757,0.23707457361129936,0.06861440436087846,0.011766413633909662,6.828753791000054,0.9750623441396509,0.016037078052581928,0.03155516100395448,0.0001575795776867318,0.9998424204223133,0.1527777777777778,1066.3636363636363,95.0,5.0,0.056921027766077346,72.0,11.0,61.0
psm,Full Data,method_retrained,1.0,0.5,123,2196025,2196025,8784100,4,1.0,0.0,0.0,0,1757,0.0,0.0,0.0,0.45678824999777135,0.9713603818615751,0.016693326770846152,0.03282258064516129,0.00018909549322407816,0.9998109045067759,0.20833333333333334,761.9333333333333,17.0,11.0,0.12522626108537016,72.0,15.0,57.0
psm,Full Data,fixed_full_data,1.0,0.5,123,2196025,2196025,8784100,4,1.0,0.0,0.0,0,1757,0.0,0.0,0.0,0.8968007500006934,0.9713603818615751,0.016693326770846152,0.03282258064516129,0.00018909549322407816,0.9998109045067759,0.20833333333333334,761.9333333333333,17.0,11.0,0.12522626108537016,72.0,15.0,57.0
psm,PCA-Triage,method_retrained,0.5,0.5,456,2196025,1098012,4392048,4,0.49999977231588894,0.0,0.0,0,1757,0.21856998227749044,0.06838521061781228,0.013508979447146643,8.661488958001428,0.9232736572890026,0.014806611705836512,0.0291458097852414,0.0004727387330601954,0.9995272612669398,0.18055555555555555,759.6923076923077,20.0,10.0,0.11384205553215469,72.0,13.0,59.0
psm,PCA-Triage,fixed_full_data,0.5,0.5,456,2196025,1098012,4392048,4,0.49999977231588894,0.0,0.0,0,1757,0.21856998227749044,0.06838521061781228,0.013508979447146643,9.09745754100004,0.9840848806366048,0.015216767154751652,0.029970110671298168,9.454774661203908e-05,0.999905452253388,0.1388888888888889,910.9,23.0,3.0,0.034152616659646404,72.0,10.0,62.0
psm,Variance,method_retrained,0.5,0.5,456,2196025,1098012,4392048,4,0.49999977231588894,0.0,0.0,0,1757,0.19195732354324868,0.044638383654304885,0.012678425723115732,12.96198112500133,0.9641148325358851,0.016529264591280096,0.03250131053671519,0.0002363693665300977,0.99976363063347,0.16666666666666666,726.5,42.5,6.0,0.06830523331929281,72.0,12.0,60.0
psm,Variance,fixed_full_data,0.5,0.5,456,2196025,1098012,4392048,4,0.49999977231588894,0.0,0.0,0,1757,0.19195732354324868,0.044638383654304885,0.012678425723115732,13.434046374997706,0.9863013698630136,0.014765596160944998,0.029095611411945364,7.87897888433659e-05,0.9999212102111567,0.1388888888888889,933.3,58.0,4.0,0.04553682221286188,72.0,10.0,62.0
psm,Threshold,method_retrained,0.5,0.5,456,2196025,1098012,4392048,4,0.49999977231588894,0.0,0.0,0,1757,0.22479691278594316,0.06244439501132773,0.01580353291288438,6.721095041000808,0.9815789473684211,0.015298798244534678,0.03012802390856589,0.00011030570438071225,0.9998896942956192,0.08333333333333333,715.0,124.0,5.0,0.056921027766077346,72.0,6.0,66.0
psm,Threshold,fixed_full_data,0.5,0.5,456,2196025,1098012,4392048,4,0.49999977231588894,0.0,0.0,0,1757,0.22479691278594316,0.06244439501132773,0.01580353291288438,7.130301666002197,0.9832402234636871,0.014437471801812887,0.02845709204090707,9.454774661203908e-05,0.999905452253388,0.06944444444444445,812.2,95.0,4.0,0.04553682221286188,72.0,5.0,67.0
psm,Uniform,method_retrained,0.5,0.5,456,2196025,1098012,4392048,4,0.49999977231588894,0.0,0.0,0,1757,0.23960142317007835,0.06867506322803621,0.011741165417777154,5.0014178339988575,0.9509803921568627,0.015914031417907388,0.03130420751139618,0.0003151591553734636,0.9996848408446265,0.1388888888888889,377.2,58.0,11.0,0.12522626108537016,72.0,10.0,62.0
psm,Uniform,fixed_full_data,0.5,0.5,456,2196025,1098012,4392048,4,0.49999977231588894,0.0,0.0,0,1757,0.23960142317007835,0.06867506322803621,0.011741165417777154,5.507719959001406,0.9919354838709677,0.015134736064968624,0.029814567931159858,4.727387330601954e-05,0.999952726126694,0.1111111111111111,517.5,21.5,1.0,0.01138420555321547,72.0,8.0,64.0
psm,Full Data,method_retrained,1.0,0.5,456,2196025,2196025,8784100,4,1.0,0.0,0.0,0,1757,0.0,0.0,0.0,0.5123174589971313,0.9790575916230366,0.015339813789426192,0.030206356257319388,0.00012606366214938544,0.9998739363378506,0.19444444444444445,663.7857142857143,13.0,7.0,0.07968943887250828,72.0,14.0,58.0
psm,Full Data,fixed_full_data,1.0,0.5,456,2196025,2196025,8784100,4,1.0,0.0,0.0,0,1757,0.0,0.0,0.0,0.9628376670007128,0.9790575916230366,0.015339813789426192,0.030206356257319388,0.00012606366214938544,0.9998739363378506,0.19444444444444445,663.7857142857143,13.0,7.0,0.07968943887250828,72.0,14.0,58.0
psm,PCA-Triage,method_retrained,0.5,0.5,789,2196025,1098012,4392048,4,0.49999977231588894,0.0,0.0,0,1757,0.21556214899208198,0.06890871342492985,0.013354454997279332,12.064949833002174,0.975669099756691,0.016447233501497068,0.03234914488544692,0.0001575795776867318,0.9998424204223133,0.1388888888888889,1499.6,58.0,6.0,0.06830523331929281,72.0,10.0,62.0
psm,PCA-Triage,fixed_full_data,0.5,0.5,789,2196025,1098012,4392048,4,0.49999977231588894,0.0,0.0,0,1757,0.21556214899208198,0.06890871342492985,0.013354454997279332,12.62461337500281,0.9384615384615385,0.01751363766867643,0.034385569334836524,0.000441222817522849,0.9995587771824771,0.18055555555555555,759.8461538461538,21.0,16.0,0.18214728885144751,72.0,13.0,59.0
psm,Variance,method_retrained,0.5,0.5,789,2196025,1098012,4392048,4,0.49999977231588894,0.0,0.0,0,1757,0.20704027509810102,0.04505536035057411,0.013071885873024002,8.736817791999783,0.9903147699757869,0.01677535786062918,0.03299185286762926,6.303183107469272e-05,0.9999369681689253,0.1388888888888889,1235.6,58.0,3.0,0.034152616659646404,72.0,10.0,62.0
psm,Variance,fixed_full_data,0.5,0.5,789,2196025,1098012,4392048,4,0.49999977231588894,0.0,0.0,0,1757,0.20704027509810102,0.04505536035057411,0.013071885873024002,9.189559625003312,0.9464285714285714,0.017390591034001885,0.034153610697168636,0.0003781909864481563,0.9996218090135518,0.19444444444444445,703.3571428571429,27.0,11.0,0.12522626108537016,72.0,14.0,58.0
psm,Threshold,method_retrained,0.5,0.5,789,2196025,1098012,4392048,4,0.49999977231588894,0.0,0.0,0,1757,0.24659996211858826,0.0626280190297315,0.015417251180469303,7.784465791002731,0.9683698296836983,0.016324186866822524,0.032107131332687965,0.00020485345099275135,0.9997951465490073,0.1527777777777778,753.1818181818181,6.0,7.0,0.07968943887250828,72.0,11.0,61.0
psm,Threshold,fixed_full_data,0.5,0.5,789,2196025,1098012,4392048,4,0.49999977231588894,0.0,0.0,0,1757,0.24659996211858826,0.0626280190297315,0.015417251180469303,8.349840000002587,0.9575892857142857,0.017595668758459457,0.03455636554029562,0.0002994011976047904,0.9997005988023953,0.20833333333333334,579.6666666666666,21.0,15.0,0.17076308329823203,72.0,15.0,57.0
psm,Uniform,method_retrained,0.5,0.5,789,2196025,1098012,4392048,4,0.49999977231588894,0.0,0.0,0,1757,0.2239325130893992,0.06865614364267372,0.011800822833741368,7.593144500002381,0.9845758354755784,0.015708953693449816,0.0309245054501413,9.454774661203908e-05,0.999905452253388,0.1527777777777778,1385.4545454545455,95.0,2.0,0.02276841110643094,72.0,11.0,61.0
psm,Uniform,fixed_full_data,0.5,0.5,789,2196025,1098012,4392048,4,0.49999977231588894,0.0,0.0,0,1757,0.2239325130893992,0.06865614364267372,0.011800822833741368,8.15330391599855,0.9293361884368309,0.017800746482917025,0.034932388924661946,0.000520012606366215,0.9994799873936338,0.16666666666666666,828.9166666666666,58.5,13.0,0.1479946721918011,72.0,12.0,60.0
psm,Full Data,method_retrained,1.0,0.5,789,2196025,2196025,8784100,4,1.0,0.0,0.0,0,1757,0.0,0.0,0.0,0.5458447499986505,0.9222903885480572,0.01849801074607276,0.036268596702854844,0.0005988023952095808,0.9994011976047904,0.2361111111111111,514.1176470588235,11.0,24.0,0.27322093327717123,72.0,17.0,55.0
psm,Full Data,fixed_full_data,1.0,0.5,789,2196025,2196025,8784100,4,1.0,0.0,0.0,0,1757,0.0,0.0,0.0,1.0329021249999641,0.9222903885480572,0.01849801074607276,0.036268596702854844,0.0005988023952095808,0.9994011976047904,0.2361111111111111,514.1176470588235,11.0,24.0,0.27322093327717123,72.0,17.0,55.0
psm,PCA-Triage,method_retrained,0.5,0.5,1024,2196025,1098012,4392048,4,0.49999977231588894,0.0,0.0,0,1757,0.23989479277124645,0.06865547788479998,0.013478827566694185,12.006106166998507,1.0,0.016078093597473444,0.031647358010737495,0.0,1.0,0.125,531.6666666666666,21.0,0.0,0.0,72.0,9.0,63.0
psm,PCA-Triage,fixed_full_data,0.5,0.5,1024,2196025,1098012,4392048,4,0.49999977231588894,0.0,0.0,0,1757,0.23989479277124645,0.06865547788479998,0.013478827566694185,12.486471374999383,1.0,0.01657028013617161,0.032600363122856565,0.0,1.0,0.125,890.1111111111111,112.0,0.0,0.0,72.0,9.0,63.0
psm,Variance,method_retrained,0.5,0.5,1024,2196025,1098012,4392048,4,0.49999977231588894,0.0,0.0,0,1757,0.1999122335811123,0.044906365225230054,0.012786260246562153,7.62927800000034,0.9899749373433584,0.016201140232147984,0.03188054882970137,6.303183107469272e-05,0.9999369681689253,0.1527777777777778,1044.8181818181818,21.0,4.0,0.04553682221286188,72.0,11.0,61.0
psm,Variance,fixed_full_data,0.5,0.5,1024,2196025,1098012,4392048,4,0.49999977231588894,0.0,0.0,0,1757,0.1999122335811123,0.044906365225230054,0.012786260246562153,8.149915791997046,0.9926829268292683,0.016693326770846152,0.03283449638981888,4.727387330601954e-05,0.999952726126694,0.1527777777777778,1042.090909090909,95.0,3.0,0.034152616659646404,72.0,11.0,61.0
psm,Threshold,method_retrained,0.5,0.5,1024,2196025,1098012,4392048,4,0.49999977231588894,0.0,0.0,0,1757,0.23427791177311363,0.06221931299166279,0.01587759586141455,8.546759208002186,0.9796380090497737,0.017759730938025513,0.03488699995971478,0.00014182161991805863,0.999858178380082,0.1388888888888889,886.2,120.0,6.0,0.06830523331929281,72.0,10.0,62.0
psm,Threshold,fixed_full_data,0.5,0.5,1024,2196025,1098012,4392048,4,0.49999977231588894,0.0,0.0,0,1757,0.23427791177311363,0.06221931299166279,0.01587759586141455,9.114689500005625,0.9975609756097561,0.01677535786062918,0.032995845266427334,1.575795776867318e-05,0.9999842420422314,0.125,1307.4444444444443,152.0,1.0,0.01138420555321547,72.0,9.0,63.0
psm,Uniform,method_retrained,0.5,0.5,1024,2196025,1098012,4392048,4,0.49999977231588894,0.0,0.0,0,1757,0.2658849446728508,0.06902847701196176,0.012015625797982933,8.48777825000434,0.9865168539325843,0.018005824207374593,0.03536614839281398,9.454774661203908e-05,0.999905452253388,0.18055555555555555,529.9230769230769,75.0,5.0,0.056921027766077346,72.0,13.0,59.0
psm,Uniform,fixed_full_data,0.5,0.5,1024,2196025,1098012,4392048,4,0.49999977231588894,0.0,0.0,0,1757,0.2658849446728508,0.06902847701196176,0.012015625797982933,9.114056541999162,1.0,0.016734342315737664,0.03291782645528259,0.0,1.0,0.1527777777777778,711.1818181818181,96.0,0.0,0.0,72.0,11.0,61.0
psm,Full Data,method_retrained,1.0,0.5,1024,2196025,2196025,8784100,4,1.0,0.0,0.0,0,1757,0.0,0.0,0.0,0.6529543750002631,0.9880952380952381,0.01702145112997826,0.033466392484174025,7.87897888433659e-05,0.9999212102111567,0.2222222222222222,643.6875,13.0,5.0,0.056921027766077346,72.0,16.0,56.0
psm,Full Data,fixed_full_data,1.0,0.5,1024,2196025,2196025,8784100,4,1.0,0.0,0.0,0,1757,0.0,0.0,0.0,1.2179328749989509,0.9880952380952381,0.01702145112997826,0.033466392484174025,7.87897888433659e-05,0.9999212102111567,0.2222222222222222,643.6875,13.0,5.0,0.056921027766077346,72.0,16.0,56.0
psm,PCA-Triage,method_retrained,0.7,0.7,42,2196025,1537217,6148868,4,0.699999772315889,0.0,0.0,0,1757,0.13447112578810563,0.03338335241842885,0.009892164503324401,14.689901750003628,0.9902912621359223,0.016734342315737664,0.032912515629411526,6.303183107469272e-05,0.9999369681689253,0.1388888888888889,1258.9,62.5,4.0,0.04553682221286188,72.0,10.0,62.0
psm,PCA-Triage,fixed_full_data,0.7,0.7,42,2196025,1537217,6148868,4,0.699999772315889,0.0,0.0,0,1757,0.13447112578810563,0.03338335241842885,0.009892164503324401,15.25155604199972,0.9715719063545151,0.023830031581969568,0.046519076023860045,0.00026788528206744404,0.9997321147179326,0.1527777777777778,768.1818181818181,21.0,11.0,0.12522626108537016,72.0,11.0,61.0
psm,Variance,method_retrained,0.7,0.7,42,2196025,1537217,6148868,4,0.699999772315889,0.0,0.0,0,1757,0.15107238869522935,0.014753664073118053,0.008292896156648695,9.513542874999985,0.9585253456221198,0.017062466674869776,0.033528107999194035,0.00028364323983611726,0.9997163567601639,0.19444444444444445,621.9285714285714,20.5,8.0,0.09107364442572376,72.0,14.0,58.0
psm,Variance,fixed_full_data,0.7,0.7,42,2196025,1537217,6148868,4,0.699999772315889,0.0,0.0,0,1757,0.15107238869522935,0.014753664073118053,0.008292896156648695,10.052423583998461,0.9596122778675282,0.024363233665559248,0.04752,0.0003939489442168295,0.9996060510557832,0.18055555555555555,666.9230769230769,30.0,16.0,0.18214728885144751,72.0,13.0,59.0
psm,Threshold,method_retrained,0.7,0.7,42,2196025,1537217,6148868,4,0.699999772315889,0.0,0.0,0,1757,0.14726409669591997,0.021390086818796707,0.007788051562239566,8.360600332998729,0.9439655172413793,0.02694721299372462,0.052398612274195476,0.000614560352978254,0.9993854396470218,0.2361111111111111,549.5294117647059,21.0,32.0,0.36429457770289503,72.0,17.0,55.0
psm,Threshold,fixed_full_data,0.7,0.7,42,2196025,1537217,6148868,4,0.699999772315889,0.0,0.0,0,1757,0.14726409669591997,0.021390086818796707,0.007788051562239566,8.870059082997614,0.9588138385502472,0.02387104712686108,0.04658235953257563,0.0003939489442168295,0.9996060510557832,0.19444444444444445,667.4285714285714,20.5,15.0,0.17076308329823203,72.0,14.0,58.0
psm,Uniform,method_retrained,0.7,0.7,42,2196025,1537217,6148868,4,0.699999772315889,0.0,0.0,0,1757,0.15960843842210498,0.03909931639185545,0.008581770734356384,7.026040208002087,0.9925742574257426,0.016447233501497068,0.03235828121847892,4.727387330601954e-05,0.999952726126694,0.1527777777777778,906.0,95.0,3.0,0.034152616659646404,72.0,11.0,61.0
psm,Uniform,fixed_full_data,0.7,0.7,42,2196025,1537217,6148868,4,0.699999772315889,0.0,0.0,0,1757,0.15960843842210498,0.03909931639185545,0.008581770734356384,7.961263625002175,0.9765100671140939,0.02387104712686108,0.0466028746446731,0.0002206114087614245,0.9997793885912386,0.16666666666666666,817.25,33.0,9.0,0.10245784997893922,72.0,12.0,60.0
psm,Full Data,method_retrained,1.0,0.7,42,2196025,2196025,8784100,4,1.0,0.0,0.0,0,1757,0.0,0.0,0.0,0.6069051250015036,0.9565916398713826,0.02440424921045076,0.047594288685357755,0.00042546485975417586,0.9995745351402459,0.20833333333333334,562.4,21.0,21.0,0.23906831661752484,72.0,15.0,57.0
psm,Full Data,fixed_full_data,1.0,0.7,42,2196025,2196025,8784100,4,1.0,0.0,0.0,0,1757,0.0,0.0,0.0,1.1628682919981657,0.9565916398713826,0.02440424921045076,0.047594288685357755,0.00042546485975417586,0.9995745351402459,0.20833333333333334,562.4,21.0,21.0,0.23906831661752484,72.0,15.0,57.0
psm,PCA-Triage,method_retrained,0.7,0.7,123,2196025,1537217,6148868,4,0.699999772315889,0.0,0.0,0,1757,0.1438983062487679,0.03331544814729241,0.009979586992899286,12.357062791998032,0.9847328244274809,0.015873015873015872,0.03124243158149673,9.454774661203908e-05,0.999905452253388,0.16666666666666666,344.0,11.5,6.0,0.06830523331929281,72.0,12.0,60.0
psm,PCA-Triage,fixed_full_data,0.7,0.7,123,2196025,1537217,6148868,4,0.699999772315889,0.0,0.0,0,1757,0.1438983062487679,0.03331544814729241,0.009979586992899286,12.867543000000296,0.9679802955665024,0.016119109142364956,0.03171017065397184,0.00020485345099275135,0.9997951465490073,0.19444444444444445,840.7142857142857,32.0,11.0,0.12522626108537016,72.0,14.0,58.0
psm,Variance,method_retrained,0.7,0.7,123,2196025,1537217,6148868,4,0.699999772315889,0.0,0.0,0,1757,0.135602892707284,0.014575992119853158,0.008354865554506579,7.020368666999275,0.981029810298103,0.014847627250728026,0.029252525252525252,0.00011030570438071225,0.9998896942956192,0.18055555555555555,670.5384615384615,21.0,7.0,0.07968943887250828,72.0,13.0,59.0
psm,Variance,fixed_full_data,0.7,0.7,123,2196025,1537217,6148868,4,0.699999772315889,0.0,0.0,0,1757,0.135602892707284,0.014575992119853158,0.008354865554506579,7.48203095899953,0.9776119402985075,0.016119109142364956,0.0317152887059678,0.00014182161991805863,0.999858178380082,0.18055555555555555,901.3076923076923,32.0,8.0,0.09107364442572376,72.0,13.0,59.0
psm,Threshold,method_retrained,0.7,0.7,123,2196025,1537217,6148868,4,0.699999772315889,0.0,0.0,0,1757,0.11993911781374227,0.021359335298305235,0.007515343408290414,7.440659708001476,0.9748110831234257,0.015873015873015872,0.03123738800548874,0.0001575795776867318,0.9998424204223133,0.20833333333333334,425.8666666666667,17.0,9.0,0.10245784997893922,72.0,15.0,57.0
psm,Threshold,fixed_full_data,0.7,0.7,123,2196025,1537217,6148868,4,0.699999772315889,0.0,0.0,0,1757,0.11993911781374227,0.021359335298305235,0.007515343408290414,7.941051833004167,0.9803439803439803,0.01636520241171404,0.032192996611263514,0.00012606366214938544,0.9998739363378506,0.19444444444444445,836.2857142857143,19.0,7.0,0.07968943887250828,72.0,14.0,58.0
psm,Uniform,method_retrained,0.7,0.7,123,2196025,1537217,6148868,4,0.699999772315889,0.0,0.0,0,1757,0.19170901533586274,0.03918388740795113,0.008709460777553383,7.783864416000142,0.9927184466019418,0.01677535786062918,0.03299318355987577,4.727387330601954e-05,0.999952726126694,0.16666666666666666,1074.5,58.0,3.0,0.034152616659646404,72.0,12.0,60.0
psm,Uniform,fixed_full_data,0.7,0.7,123,2196025,1537217,6148868,4,0.699999772315889,0.0,0.0,0,1757,0.19170901533586274,0.03918388740795113,0.008709460777553383,8.270445415997528,0.9775,0.016037078052581928,0.03155643436503773,0.00014182161991805863,0.999858178380082,0.16666666666666666,978.3333333333334,58.0,8.0,0.09107364442572376,72.0,12.0,60.0
psm,Full Data,method_retrained,1.0,0.7,123,2196025,2196025,8784100,4,1.0,0.0,0.0,0,1757,0.0,0.0,0.0,0.4702746249968186,0.9713603818615751,0.016693326770846152,0.03282258064516129,0.00018909549322407816,0.9998109045067759,0.20833333333333334,761.9333333333333,17.0,11.0,0.12522626108537016,72.0,15.0,57.0
psm,Full Data,fixed_full_data,1.0,0.7,123,2196025,2196025,8784100,4,1.0,0.0,0.0,0,1757,0.0,0.0,0.0,0.9256871249963297,0.9713603818615751,0.016693326770846152,0.03282258064516129,0.00018909549322407816,0.9998109045067759,0.20833333333333334,761.9333333333333,17.0,11.0,0.12522626108537016,72.0,15.0,57.0
psm,PCA-Triage,method_retrained,0.7,0.7,456,2196025,1537217,6148868,4,0.699999772315889,0.0,0.0,0,1757,0.15535239092955683,0.03319407610777226,0.009954528777254331,9.004723334001028,0.953125,0.015011689430294082,0.029557843731072078,0.00028364323983611726,0.9997163567601639,0.18055555555555555,667.0,19.0,12.0,0.13661046663858561,72.0,13.0,59.0
psm,PCA-Triage,fixed_full_data,0.7,0.7,456,2196025,1537217,6148868,4,0.699999772315889,0.0,0.0,0,1757,0.15535239092955683,0.03319407610777226,0.009954528777254331,9.443602084000304,0.9841688654353562,0.015298798244534678,0.030129240710823908,9.454774661203908e-05,0.999905452253388,0.1527777777777778,768.9090909090909,20.0,6.0,0.06830523331929281,72.0,11.0,61.0
psm,Variance,method_retrained,0.7,0.7,456,2196025,1537217,6148868,4,0.699999772315889,0.0,0.0,0,1757,0.14006149693472938,0.014593646810045866,0.008162606817794796,5.964484083997377,0.8661971830985915,0.015134736064968624,0.029749667432579514,0.0008982035928143712,0.9991017964071857,0.16666666666666666,620.6666666666666,25.5,7.0,0.07968943887250828,72.0,12.0,60.0
psm,Variance,fixed_full_data,0.7,0.7,456,2196025,1537217,6148868,4,0.699999772315889,0.0,0.0,0,1757,0.14006149693472938,0.014593646810045866,0.008162606817794796,6.401966917001118,0.9836956521739131,0.014847627250728026,0.02925370722049376,9.454774661203908e-05,0.999905452253388,0.1527777777777778,846.0,30.0,5.0,0.056921027766077346,72.0,11.0,61.0
psm,Threshold,method_retrained,0.7,0.7,456,2196025,1537217,6148868,4,0.699999772315889,0.0,0.0,0,1757,0.14436533968195264,0.021367438115140743,0.007493908343116783,6.187794041004963,0.9897172236503856,0.015790984783232844,0.03108599111828825,6.303183107469272e-05,0.9999369681689253,0.1388888888888889,412.4,18.5,4.0,0.04553682221286188,72.0,10.0,62.0
psm,Threshold,fixed_full_data,0.7,0.7,456,2196025,1537217,6148868,4,0.699999772315889,0.0,0.0,0,1757,0.14436533968195264,0.021367438115140743,0.007493908343116783,6.606792999999016,0.9766839378238342,0.015462860424100734,0.030443735615940565,0.00014182161991805863,0.999858178380082,0.16666666666666666,725.4166666666666,20.5,9.0,0.10245784997893922,72.0,12.0,60.0
psm,Uniform,method_retrained,0.7,0.7,456,2196025,1537217,6148868,4,0.699999772315889,0.0,0.0,0,1757,0.18681483681511551,0.03929950368939316,0.008665808548939806,5.291359750000993,0.9842931937172775,0.01542184487920922,0.03036788757420345,9.454774661203908e-05,0.999905452253388,0.125,484.8888888888889,21.0,4.0,0.04553682221286188,72.0,9.0,63.0
psm,Uniform,fixed_full_data,0.7,0.7,456,2196025,1537217,6148868,4,0.699999772315889,0.0,0.0,0,1757,0.18681483681511551,0.03929950368939316,0.008665808548939806,5.71530691600492,0.9869451697127938,0.015503875968992248,0.03052818607656275,7.87897888433659e-05,0.9999212102111567,0.1527777777777778,793.9090909090909,21.0,5.0,0.056921027766077346,72.0,11.0,61.0
psm,Full Data,method_retrained,1.0,0.7,456,2196025,2196025,8784100,4,1.0,0.0,0.0,0,1757,0.0,0.0,0.0,0.6354515830025775,0.9790575916230366,0.015339813789426192,0.030206356257319388,0.00012606366214938544,0.9998739363378506,0.19444444444444445,663.7857142857143,13.0,7.0,0.07968943887250828,72.0,14.0,58.0
psm,Full Data,fixed_full_data,1.0,0.7,456,2196025,2196025,8784100,4,1.0,0.0,0.0,0,1757,0.0,0.0,0.0,1.0904551659987192,0.9790575916230366,0.015339813789426192,0.030206356257319388,0.00012606366214938544,0.9998739363378506,0.19444444444444445,663.7857142857143,13.0,7.0,0.07968943887250828,72.0,14.0,58.0
psm,PCA-Triage,method_retrained,0.7,0.7,789,2196025,1537217,6148868,4,0.699999772315889,0.0,0.0,0,1757,0.15426155793327465,0.033554672057222165,0.009879314302548115,8.631806375000451,0.9800498753117207,0.016119109142364956,0.03171656847712049,0.00012606366214938544,0.9998739363378506,0.16666666666666666,1056.4166666666667,20.5,7.0,0.07968943887250828,72.0,12.0,60.0
psm,PCA-Triage,fixed_full_data,0.7,0.7,789,2196025,1537217,6148868,4,0.699999772315889,0.0,0.0,0,1757,0.15426155793327465,0.033554672057222165,0.009879314302548115,9.039891042004456,0.9297872340425531,0.01792379311759157,0.03516961088084986,0.000520012606366215,0.9994799873936338,0.19444444444444445,705.5714285714286,19.0,18.0,0.20491569995787845,72.0,14.0,58.0
psm,Variance,method_retrained,0.7,0.7,789,2196025,1537217,6148868,4,0.699999772315889,0.0,0.0,0,1757,0.2188972657077519,0.01505055447695713,0.008664625074960453,5.7118299169960665,0.9004237288135594,0.0174316065788934,0.034201102482597674,0.0007406240151276394,0.9992593759848724,0.18055555555555555,664.3076923076923,21.0,18.0,0.20491569995787845,72.0,13.0,59.0
psm,Variance,fixed_full_data,0.7,0.7,789,2196025,1537217,6148868,4,0.699999772315889,0.0,0.0,0,1757,0.2188972657077519,0.01505055447695713,0.008664625074960453,6.229489958997874,0.9333333333333333,0.017226528854435832,0.03382868188957352,0.0004727387330601954,0.9995272612669398,0.20833333333333334,579.5333333333333,21.0,19.0,0.2162999055110939,72.0,15.0,57.0
psm,Threshold,method_retrained,0.7,0.7,789,2196025,1537217,6148868,4,0.699999772315889,0.0,0.0,0,1757,0.11794682842726939,0.0212620803058144,0.007526719935221472,5.977718041998742,1.0,0.015749969238341332,0.031011508176862507,0.0,1.0,0.16666666666666666,724.6666666666666,26.5,0.0,0.0,72.0,12.0,60.0
psm,Threshold,fixed_full_data,0.7,0.7,789,2196025,1537217,6148868,4,0.699999772315889,0.0,0.0,0,1757,0.11794682842726939,0.0212620803058144,0.007526719935221472,6.4225499169988325,0.9254658385093167,0.018333948566506705,0.03595559845559845,0.0005672864796722345,0.9994327135203278,0.2222222222222222,546.125,14.0,20.0,0.22768411106430939,72.0,16.0,56.0
psm,Uniform,method_retrained,0.7,0.7,789,2196025,1537217,6148868,4,0.699999772315889,0.0,0.0,0,1757,0.17308985812082217,0.03912381701779558,0.00872318488427395,5.059076334000565,1.0,0.014970673885402568,0.02949971712600016,0.0,1.0,0.1111111111111111,510.875,20.5,0.0,0.0,72.0,8.0,64.0
psm,Uniform,fixed_full_data,0.7,0.7,789,2196025,1537217,6148868,4,0.699999772315889,0.0,0.0,0,1757,0.17308985812082217,0.03912381701779558,0.00872318488427395,5.468016291997628,0.9302325581395349,0.01804683975226611,0.03540677556932486,0.000520012606366215,0.9994799873936338,0.19444444444444445,710.2857142857143,18.5,18.0,0.20491569995787845,72.0,14.0,58.0
psm,Full Data,method_retrained,1.0,0.7,789,2196025,2196025,8784100,4,1.0,0.0,0.0,0,1757,0.0,0.0,0.0,0.44554741700267186,0.9222903885480572,0.01849801074607276,0.036268596702854844,0.0005988023952095808,0.9994011976047904,0.2361111111111111,514.1176470588235,11.0,24.0,0.27322093327717123,72.0,17.0,55.0
psm,Full Data,fixed_full_data,1.0,0.7,789,2196025,2196025,8784100,4,1.0,0.0,0.0,0,1757,0.0,0.0,0.0,0.8600334170041606,0.9222903885480572,0.01849801074607276,0.036268596702854844,0.0005988023952095808,0.9994011976047904,0.2361111111111111,514.1176470588235,11.0,24.0,0.27322093327717123,72.0,17.0,55.0
psm,PCA-Triage,method_retrained,0.7,0.7,1024,2196025,1537217,6148868,4,0.699999772315889,0.0,0.0,0,1757,0.13470135389303692,0.03334247266848623,0.009776671782838831,8.657121333002578,0.9926470588235294,0.016611295681063124,0.032675783613699626,4.727387330601954e-05,0.999952726126694,0.18055555555555555,384.6923076923077,20.0,3.0,0.034152616659646404,72.0,13.0,59.0
psm,PCA-Triage,fixed_full_data,0.7,0.7,1024,2196025,1537217,6148868,4,0.699999772315889,0.0,0.0,0,1757,0.13470135389303692,0.03334247266848623,0.009776671782838831,9.077957000001334,0.9927007299270073,0.016734342315737664,0.03291384317521781,4.727387330601954e-05,0.999952726126694,0.20833333333333334,710.3333333333334,20.0,3.0,0.034152616659646404,72.0,15.0,57.0
psm,Variance,method_retrained,0.7,0.7,1024,2196025,1537217,6148868,4,0.699999772315889,0.0,0.0,0,1757,0.15790147122802994,0.014580169087854492,0.008159456441562553,5.565120500003104,0.9898477157360406,0.015996062507690416,0.03148335015136226,6.303183107469272e-05,0.9999369681689253,0.19444444444444445,885.2857142857143,26.5,3.0,0.034152616659646404,72.0,14.0,58.0
psm,Variance,fixed_full_data,0.7,0.7,1024,2196025,1537217,6148868,4,0.699999772315889,0.0,0.0,0,1757,0.15790147122802994,0.014580169087854492,0.008159456441562553,5.930422791003366,0.9927360774818402,0.016816373405520692,0.033072517544567234,4.727387330601954e-05,0.999952726126694,0.19444444444444445,621.7857142857143,20.5,3.0,0.034152616659646404,72.0,14.0,58.0
psm,Threshold,method_retrained,0.7,0.7,1024,2196025,1537217,6148868,4,0.699999772315889,0.0,0.0,0,1757,0.12434855126364518,0.021197295510840396,0.007561900738625269,5.4089438329974655,0.9925558312655087,0.016406217956605552,0.03227888960619755,4.727387330601954e-05,0.999952726126694,0.1527777777777778,407.1818181818182,21.0,3.0,0.034152616659646404,72.0,11.0,61.0
psm,Threshold,fixed_full_data,0.7,0.7,1024,2196025,1537217,6148868,4,0.699999772315889,0.0,0.0,0,1757,0.12434855126364518,0.021197295510840396,0.007561900738625269,5.762206916995638,0.995085995085995,0.016611295681063124,0.032677101823462965,3.151591553734636e-05,0.9999684840844627,0.18055555555555555,820.7692307692307,21.0,2.0,0.02276841110643094,72.0,13.0,59.0
psm,Uniform,method_retrained,0.7,0.7,1024,2196025,1537217,6148868,4,0.699999772315889,0.0,0.0,0,1757,0.16730909665574337,0.03914255885927867,0.008564703691084042,4.164730666998366,0.9668874172185431,0.01796480866248308,0.03527422082628654,0.0002363693665300977,0.99976363063347,0.19444444444444445,404.7857142857143,58.0,11.0,0.12522626108537016,72.0,14.0,58.0
psm,Uniform,fixed_full_data,0.7,0.7,1024,2196025,1537217,6148868,4,0.699999772315889,0.0,0.0,0,1757,0.16730909665574337,0.03914255885927867,0.008564703691084042,4.529166792002798,0.9975786924939467,0.01689840449530372,0.03323384689844317,1.575795776867318e-05,0.9999842420422314,0.16666666666666666,511.9166666666667,58.0,1.0,0.01138420555321547,72.0,12.0,60.0
psm,Full Data,method_retrained,1.0,0.7,1024,2196025,2196025,8784100,4,1.0,0.0,0.0,0,1757,0.0,0.0,0.0,0.3757901249991846,0.9880952380952381,0.01702145112997826,0.033466392484174025,7.87897888433659e-05,0.9999212102111567,0.2222222222222222,643.6875,13.0,5.0,0.056921027766077346,72.0,16.0,56.0
psm,Full Data,fixed_full_data,1.0,0.7,1024,2196025,2196025,8784100,4,1.0,0.0,0.0,0,1757,0.0,0.0,0.0,0.7299966249993304,0.9880952380952381,0.01702145112997826,0.033466392484174025,7.87897888433659e-05,0.9999212102111567,0.2222222222222222,643.6875,13.0,5.0,0.056921027766077346,72.0,16.0,56.0
